1770791368.321891,MOUSE,-5,7,MOVE
1770791368.338557,MOUSE,-3,6,MOVE
1770791368.355224,MOUSE,-3,8,MOVE
1770791368.371891,MOUSE,-4,7,MOVE
1770791368.388557,MOUSE,-4,8,MOVE
1770791368.405224,MOUSE,-5,5,MOVE
1770791368.421890,MOUSE,-3,9,MOVE
1770791368.438557,MOUSE,-3,5,MOVE
1770791368.455224,MOUSE,-4,9,MOVE
1770791368.471890,MOUSE,-5,7,MOVE
1770791368.488557,MOUSE,-4,6,MOVE
1770791368.505224,MOUSE,-4,9,MOVE
1770791368.521890,MOUSE,-4,7,MOVE
1770791368.538557,MOUSE,-2,6,MOVE
1770791368.555224,MOUSE,-5,8,MOVE
1770791368.571890,MOUSE,-3,6,MOVE
1770791368.588557,MOUSE,-5,7,MOVE
1770791368.605224,MOUSE,-3,8,MOVE
1770791368.621890,MOUSE,-3,7,MOVE
1770791368.768793,MOUSE,0,0,LEFT_DOWN
1770791368.823441,MOUSE,0,0,LEFT_UP
1770791369.573521,MOUSE,-1,-1,MOVE
1770791369.590188,MOUSE,-10,-4,MOVE
1770791369.606854,MOUSE,-10,-5,MOVE
1770791369.623521,MOUSE,-10,-7,MOVE
1770791369.640188,MOUSE,-11,-6,MOVE
1770791369.656854,MOUSE,-12,-5,MOVE
1770791369.673521,MOUSE,-10,-5,MOVE
1770791369.690188,MOUSE,-11,-7,MOVE
1770791369.706854,MOUSE,-11,-6,MOVE
1770791369.723521,MOUSE,-11,-4,MOVE
1770791369.740188,MOUSE,-9,-7,MOVE
1770791369.756854,MOUSE,-12,-5,MOVE
1770791369.773521,MOUSE,-10,-6,MOVE
1770791369.790188,MOUSE,-11,-6,MOVE
1770791369.806854,MOUSE,-11,-5,MOVE
1770791369.823521,MOUSE,-10,-6,MOVE
1770791369.840188,MOUSE,-12,-5,MOVE
1770791369.856854,MOUSE,-10,-5,MOVE
1770791369.873521,MOUSE,-10,-7,MOVE
1770791369.890188,MOUSE,-12,-6,MOVE
1770791369.906854,MOUSE,-10,-5,MOVE
1770791369.923521,MOUSE,-10,-5,MOVE
1770791369.940187,MOUSE,-10,-6,MOVE
1770791369.956854,MOUSE,-11,-4,MOVE
1770791369.973521,MOUSE,-11,-6,MOVE
1770791369.990187,MOUSE,-12,-7,MOVE
1770791370.006854,MOUSE,-10,-5,MOVE
1770791370.023521,MOUSE,-11,-6,MOVE
1770791370.040187,MOUSE,-10,-5,MOVE
1770791370.056854,MOUSE,-10,-7,MOVE
1770791370.073521,MOUSE,-11,-5,MOVE
1770791370.090187,MOUSE,-12,-6,MOVE
1770791370.106854,MOUSE,-10,-5,MOVE
1770791370.123521,MOUSE,-9,-6,MOVE
1770791370.140187,MOUSE,-11,-6,MOVE
1770791370.156854,MOUSE,-12,-5,MOVE
1770791370.173521,MOUSE,-10,-5,MOVE
1770791370.190187,MOUSE,-12,-7,MOVE
1770791370.206854,MOUSE,-10,-5,MOVE
1770791370.223521,MOUSE,-10,-5,MOVE
1770791370.240187,MOUSE,-11,-6,MOVE
1770791370.256854,MOUSE,-10,-5,MOVE
1770791370.273520,MOUSE,-12,-6,MOVE
1770791370.290187,MOUSE,-11,-5,MOVE
1770791370.306854,MOUSE,-9,-6,MOVE
1770791370.323520,MOUSE,-11,-7,MOVE
1770791370.340187,MOUSE,-12,-5,MOVE
1770791370.356854,MOUSE,-10,-5,MOVE
1770791370.373520,MOUSE,-10,-7,MOVE
1770791370.390187,MOUSE,-10,-4,MOVE
1770791370.406854,MOUSE,-13,-6,MOVE
1770791370.423520,MOUSE,-9,-5,MOVE
1770791370.440187,MOUSE,-12,-6,MOVE
1770791370.456854,MOUSE,-10,-6,MOVE
1770791370.473520,MOUSE,-11,-5,MOVE
1770791370.490187,MOUSE,-10,-6,MOVE
1770791370.506854,MOUSE,-10,-7,MOVE
1770791370.523520,MOUSE,-11,-4,MOVE
1770791370.599174,MOUSE,0,0,LEFT_DOWN
1770791370.716406,MOUSE,0,0,LEFT_UP
1770791370.689294,MOUSE,0,0,LEFT_DOWN
1770791370.739431,MOUSE,0,0,LEFT_UP
1770791371.558116,MOUSE,-2,-1,MOVE
1770791371.574782,MOUSE,2,-1,MOVE
1770791371.591449,MOUSE,4,1,MOVE
1770791371.608116,MOUSE,1,-1,MOVE
1770791371.624782,MOUSE,1,0,MOVE
1770791371.641449,MOUSE,4,-2,MOVE
1770791371.658116,MOUSE,3,1,MOVE
1770791371.674782,MOUSE,2,-1,MOVE
1770791371.691449,MOUSE,6,-2,MOVE
1770791371.708116,MOUSE,6,-1,MOVE
1770791371.724782,MOUSE,3,0,MOVE
1770791371.741449,MOUSE,6,-1,MOVE
1770791371.758116,MOUSE,5,-2,MOVE
1770791371.774782,MOUSE,6,-1,MOVE
1770791371.791449,MOUSE,8,-1,MOVE
1770791371.808115,MOUSE,7,-3,MOVE
1770791371.824782,MOUSE,5,-1,MOVE
1770791371.841449,MOUSE,8,-1,MOVE
1770791371.858115,MOUSE,7,-2,MOVE
1770791371.874782,MOUSE,8,0,MOVE
1770791371.891449,MOUSE,8,-2,MOVE
1770791371.908115,MOUSE,9,-1,MOVE
1770791371.924782,MOUSE,8,-3,MOVE
1770791371.941449,MOUSE,8,-1,MOVE
1770791371.958115,MOUSE,11,-1,MOVE
1770791371.974782,MOUSE,9,-1,MOVE
1770791371.991449,MOUSE,8,-3,MOVE
1770791372.008115,MOUSE,10,-1,MOVE
1770791372.024782,MOUSE,11,-2,MOVE
1770791372.041449,MOUSE,8,-1,MOVE
1770791372.058115,MOUSE,11,-4,MOVE
1770791372.074782,MOUSE,9,-1,MOVE
1770791372.091449,MOUSE,11,1,MOVE
1770791372.108115,MOUSE,10,-3,MOVE
1770791372.124782,MOUSE,10,-2,MOVE
1770791372.141448,MOUSE,11,-1,MOVE
1770791372.158115,MOUSE,12,-2,MOVE
1770791372.174782,MOUSE,11,-3,MOVE
1770791372.191448,MOUSE,11,0,MOVE
1770791372.208115,MOUSE,10,-2,MOVE
1770791372.224782,MOUSE,10,-1,MOVE
1770791372.241448,MOUSE,12,-3,MOVE
1770791372.258115,MOUSE,10,0,MOVE
1770791372.274782,MOUSE,10,-2,MOVE
1770791372.291448,MOUSE,11,-1,MOVE
1770791372.308115,MOUSE,12,0,MOVE
1770791372.324782,MOUSE,12,-2,MOVE
1770791372.341448,MOUSE,9,0,MOVE
1770791372.358115,MOUSE,13,-1,MOVE
1770791372.374782,MOUSE,9,-3,MOVE
1770791372.391448,MOUSE,11,0,MOVE
1770791372.408115,MOUSE,11,-1,MOVE
1770791372.424782,MOUSE,11,-2,MOVE
1770791372.441448,MOUSE,8,0,MOVE
1770791372.458115,MOUSE,12,0,MOVE
1770791372.474782,MOUSE,9,-1,MOVE
1770791372.491448,MOUSE,8,-2,MOVE
1770791372.508115,MOUSE,10,-1,MOVE
1770791372.524781,MOUSE,12,1,MOVE
1770791372.541448,MOUSE,9,-1,MOVE
1770791372.558115,MOUSE,7,1,MOVE
1770791372.574781,MOUSE,9,0,MOVE
1770791372.591448,MOUSE,8,0,MOVE
1770791372.608115,MOUSE,11,0,MOVE
1770791372.624781,MOUSE,7,0,MOVE
1770791372.641448,MOUSE,8,2,MOVE
1770791372.658115,MOUSE,8,0,MOVE
1770791372.674781,MOUSE,7,-1,MOVE
1770791372.691448,MOUSE,6,3,MOVE
1770791372.708115,MOUSE,7,0,MOVE
1770791372.724781,MOUSE,8,-1,MOVE
1770791372.741448,MOUSE,6,4,MOVE
1770791372.758115,MOUSE,5,2,MOVE
1770791372.774781,MOUSE,8,1,MOVE
1770791372.791448,MOUSE,4,-1,MOVE
1770791372.808115,MOUSE,3,2,MOVE
1770791372.905038,MOUSE,0,0,LEFT_DOWN
1770791373.023556,MOUSE,0,0,LEFT_UP
1770791373.026209,MOUSE,0,0,LEFT_DOWN
1770791373.140324,MOUSE,0,0,LEFT_UP
1770791373.976146,MOUSE,1,1,MOVE
1770791373.992813,MOUSE,-12,1,MOVE
1770791374.009480,MOUSE,-12,4,MOVE
1770791374.026146,MOUSE,-12,2,MOVE
1770791374.042813,MOUSE,-13,2,MOVE
1770791374.059480,MOUSE,-11,3,MOVE
1770791374.076146,MOUSE,-12,4,MOVE
1770791374.092813,MOUSE,-13,2,MOVE
1770791374.109480,MOUSE,-10,4,MOVE
1770791374.126146,MOUSE,-12,2,MOVE
1770791374.142813,MOUSE,-14,3,MOVE
1770791374.159480,MOUSE,-10,2,MOVE
1770791374.176146,MOUSE,-14,3,MOVE
1770791374.192813,MOUSE,-11,2,MOVE
1770791374.209480,MOUSE,-12,4,MOVE
1770791374.226146,MOUSE,-12,3,MOVE
1770791374.242813,MOUSE,-11,2,MOVE
1770791374.259480,MOUSE,-12,2,MOVE
1770791374.276146,MOUSE,-14,3,MOVE
1770791374.292813,MOUSE,-12,4,MOVE
1770791374.309479,MOUSE,-10,3,MOVE
1770791374.326146,MOUSE,-13,2,MOVE
1770791374.342813,MOUSE,-12,2,MOVE
1770791374.359479,MOUSE,-12,5,MOVE
1770791374.376146,MOUSE,-12,2,MOVE
1770791374.392813,MOUSE,-12,2,MOVE
1770791374.409479,MOUSE,-11,3,MOVE
1770791374.426146,MOUSE,-13,3,MOVE
1770791374.442813,MOUSE,-11,3,MOVE
1770791374.459479,MOUSE,-12,3,MOVE
1770791374.476146,MOUSE,-12,2,MOVE
1770791374.492813,MOUSE,-12,3,MOVE
1770791374.509479,MOUSE,-11,2,MOVE
1770791374.526146,MOUSE,-12,4,MOVE
1770791374.542813,MOUSE,-13,3,MOVE
1770791374.559479,MOUSE,-12,3,MOVE
1770791374.576146,MOUSE,-11,3,MOVE
1770791374.592813,MOUSE,-13,1,MOVE
1770791374.739578,MOUSE,0,0,LEFT_DOWN
1770791374.824735,MOUSE,0,0,LEFT_UP
1770791377.073257,MOUSE,-1,1,MOVE
1770791377.089924,MOUSE,-1,2,MOVE
1770791377.106591,MOUSE,-3,2,MOVE
1770791377.123257,MOUSE,0,4,MOVE
1770791377.139924,MOUSE,-3,4,MOVE
1770791377.156590,MOUSE,-1,3,MOVE
1770791377.173257,MOUSE,-3,4,MOVE
1770791377.189924,MOUSE,-3,5,MOVE
1770791377.206590,MOUSE,-1,6,MOVE
1770791377.223257,MOUSE,-4,7,MOVE
1770791377.239924,MOUSE,-2,7,MOVE
1770791377.256590,MOUSE,-4,9,MOVE
1770791377.273257,MOUSE,-1,7,MOVE
1770791377.289924,MOUSE,-3,10,MOVE
1770791377.306590,MOUSE,-4,8,MOVE
1770791377.323257,MOUSE,-1,10,MOVE
1770791377.339924,MOUSE,-5,11,MOVE
1770791377.356590,MOUSE,-1,8,MOVE
1770791377.373257,MOUSE,-5,10,MOVE
1770791377.389924,MOUSE,-3,9,MOVE
1770791377.406590,MOUSE,-2,13,MOVE
1770791377.423257,MOUSE,-3,9,MOVE
1770791377.439924,MOUSE,-3,13,MOVE
1770791377.456590,MOUSE,-3,10,MOVE
1770791377.473257,MOUSE,-3,11,MOVE
1770791377.489923,MOUSE,-3,9,MOVE
1770791377.506590,MOUSE,-3,12,MOVE
1770791377.523257,MOUSE,-3,11,MOVE
1770791377.539923,MOUSE,-1,11,MOVE
1770791377.556590,MOUSE,-4,9,MOVE
1770791377.573257,MOUSE,-3,12,MOVE
1770791377.589923,MOUSE,-3,10,MOVE
1770791377.606590,MOUSE,-2,10,MOVE
1770791377.623257,MOUSE,-3,13,MOVE
1770791377.639923,MOUSE,-1,10,MOVE
1770791377.656590,MOUSE,-5,7,MOVE
1770791377.673257,MOUSE,0,11,MOVE
1770791377.689923,MOUSE,-4,8,MOVE
1770791377.706590,MOUSE,-3,9,MOVE
1770791377.723257,MOUSE,-1,8,MOVE
1770791377.739923,MOUSE,-2,8,MOVE
1770791377.756590,MOUSE,-1,6,MOVE
1770791377.773257,MOUSE,-3,9,MOVE
1770791377.789923,MOUSE,-2,4,MOVE
1770791377.806590,MOUSE,-3,7,MOVE
1770791377.823256,MOUSE,0,4,MOVE
1770791377.839923,MOUSE,-1,6,MOVE
1770791377.856590,MOUSE,-3,3,MOVE
1770791377.873256,MOUSE,-2,4,MOVE
1770791377.889923,MOUSE,1,2,MOVE
1770791378.003201,MOUSE,0,0,LEFT_DOWN
1770791378.105329,MOUSE,0,0,LEFT_UP
1770791378.125649,MOUSE,0,0,LEFT_DOWN
1770791378.210225,MOUSE,0,0,LEFT_UP
1770791379.488648,MOUSE,11,-4,MOVE
1770791379.505315,MOUSE,11,-5,MOVE
1770791379.521981,MOUSE,10,-6,MOVE
1770791379.538648,MOUSE,12,-5,MOVE
1770791379.555315,MOUSE,11,-4,MOVE
1770791379.571981,MOUSE,10,-6,MOVE
1770791379.588648,MOUSE,12,-5,MOVE
1770791379.605315,MOUSE,10,-4,MOVE
1770791379.621981,MOUSE,12,-6,MOVE
1770791379.638648,MOUSE,10,-5,MOVE
1770791379.655315,MOUSE,12,-4,MOVE
1770791379.671981,MOUSE,11,-5,MOVE
1770791379.688648,MOUSE,11,-5,MOVE
1770791379.705315,MOUSE,9,-5,MOVE
1770791379.721981,MOUSE,12,-4,MOVE
1770791379.738648,MOUSE,11,-6,MOVE
1770791379.755315,MOUSE,11,-5,MOVE
1770791379.771981,MOUSE,10,-5,MOVE
1770791379.788648,MOUSE,12,-6,MOVE
1770791379.805315,MOUSE,11,-4,MOVE
1770791379.821981,MOUSE,12,-4,MOVE
1770791379.838648,MOUSE,10,-5,MOVE
1770791379.855314,MOUSE,11,-7,MOVE
1770791379.871981,MOUSE,10,-4,MOVE
1770791379.888648,MOUSE,12,-5,MOVE
1770791379.905314,MOUSE,11,-5,MOVE
1770791379.921981,MOUSE,11,-5,MOVE
1770791379.938648,MOUSE,11,-5,MOVE
1770791379.955314,MOUSE,10,-4,MOVE
1770791379.971981,MOUSE,12,-7,MOVE
1770791379.988648,MOUSE,11,-4,MOVE
1770791380.005314,MOUSE,10,-5,MOVE
1770791380.021981,MOUSE,13,-5,MOVE
1770791380.038648,MOUSE,9,-5,MOVE
1770791380.055314,MOUSE,12,-4,MOVE
1770791380.071981,MOUSE,10,-6,MOVE
1770791380.088648,MOUSE,12,-4,MOVE
1770791380.105314,MOUSE,11,-6,MOVE
1770791380.121981,MOUSE,12,-5,MOVE
1770791380.138648,MOUSE,10,-4,MOVE
1770791380.155314,MOUSE,11,-6,MOVE
1770791380.171981,MOUSE,10,-4,MOVE
1770791380.188648,MOUSE,11,-5,MOVE
1770791380.205314,MOUSE,11,-5,MOVE
1770791380.221981,MOUSE,12,-6,MOVE
1770791380.238647,MOUSE,10,-5,MOVE
1770791380.255314,MOUSE,11,-5,MOVE
1770791380.271981,MOUSE,12,-5,MOVE
1770791380.288647,MOUSE,10,-3,MOVE
1770791380.305314,MOUSE,12,-5,MOVE
1770791380.321981,MOUSE,11,-7,MOVE
1770791380.338647,MOUSE,10,-4,MOVE
1770791380.355314,MOUSE,12,-6,MOVE
1770791380.371981,MOUSE,10,-4,MOVE
1770791380.388647,MOUSE,12,-6,MOVE
1770791380.405314,MOUSE,11,-4,MOVE
1770791380.421981,MOUSE,9,-6,MOVE
1770791380.438647,MOUSE,13,-5,MOVE
1770791380.455314,MOUSE,10,-3,MOVE
1770791380.471981,MOUSE,12,-6,MOVE
1770791380.488647,MOUSE,10,-5,MOVE
1770791380.505314,MOUSE,11,-4,MOVE
1770791380.521981,MOUSE,12,-5,MOVE
1770791380.538647,MOUSE,11,-5,MOVE
1770791380.555314,MOUSE,11,-6,MOVE
1770791380.571980,MOUSE,11,-4,MOVE
1770791380.588647,MOUSE,11,-5,MOVE
1770791380.605314,MOUSE,10,-6,MOVE
1770791380.621980,MOUSE,10,-5,MOVE
1770791380.638647,MOUSE,12,-5,MOVE
1770791380.655314,MOUSE,10,-4,MOVE
1770791380.671980,MOUSE,12,-7,MOVE
1770791380.688647,MOUSE,11,-3,MOVE
1770791380.705314,MOUSE,10,-5,MOVE
1770791380.721980,MOUSE,11,-6,MOVE
1770791380.738647,MOUSE,12,-5,MOVE
1770791380.755314,MOUSE,10,-4,MOVE
1770791380.771980,MOUSE,11,-6,MOVE
1770791380.788647,MOUSE,12,-5,MOVE
1770791380.805314,MOUSE,11,-5,MOVE
1770791380.821980,MOUSE,10,-5,MOVE
1770791380.838647,MOUSE,12,-4,MOVE
1770791380.855314,MOUSE,11,-5,MOVE
1770791380.871980,MOUSE,11,-6,MOVE
1770791380.888647,MOUSE,11,-4,MOVE
1770791380.905313,MOUSE,10,-6,MOVE
1770791381.010242,MOUSE,0,0,LEFT_DOWN
1770791381.122092,MOUSE,0,0,LEFT_UP
1770791381.147115,MOUSE,0,0,LEFT_DOWN
1770791381.221292,MOUSE,0,0,LEFT_UP
1770791381.234658,MOUSE,0,0,LEFT_DOWN
1770791381.298143,MOUSE,0,0,LEFT_UP
1770791381.685016,MOUSE,0,-1,MOVE
1770791381.701683,MOUSE,-5,5,MOVE
1770791381.718349,MOUSE,-1,9,MOVE
1770791381.735016,MOUSE,-5,3,MOVE
1770791381.751683,MOUSE,-4,7,MOVE
1770791381.768349,MOUSE,-3,7,MOVE
1770791381.785016,MOUSE,-4,4,MOVE
1770791381.801682,MOUSE,-3,5,MOVE
1770791381.818349,MOUSE,-3,6,MOVE
1770791381.835016,MOUSE,-6,7,MOVE
1770791381.851682,MOUSE,-5,3,MOVE
1770791381.868349,MOUSE,-4,7,MOVE
1770791381.885016,MOUSE,-3,5,MOVE
1770791381.901682,MOUSE,-4,4,MOVE
1770791381.918349,MOUSE,-4,6,MOVE
1770791381.935016,MOUSE,-5,5,MOVE
1770791381.951682,MOUSE,-4,3,MOVE
1770791381.968349,MOUSE,-5,5,MOVE
1770791381.985016,MOUSE,-5,2,MOVE
1770791382.001682,MOUSE,-6,6,MOVE
1770791382.018349,MOUSE,-4,4,MOVE
1770791382.035016,MOUSE,-4,4,MOVE
1770791382.051682,MOUSE,-5,5,MOVE
1770791382.068349,MOUSE,-5,3,MOVE
1770791382.085016,MOUSE,-7,5,MOVE
1770791382.101682,MOUSE,-4,2,MOVE
1770791382.118349,MOUSE,-7,4,MOVE
1770791382.135015,MOUSE,-4,4,MOVE
1770791382.151682,MOUSE,-6,1,MOVE
1770791382.168349,MOUSE,-6,6,MOVE
1770791382.185015,MOUSE,-5,1,MOVE
1770791382.201682,MOUSE,-6,5,MOVE
1770791382.218349,MOUSE,-5,3,MOVE
1770791382.235015,MOUSE,-7,1,MOVE
1770791382.251682,MOUSE,-5,1,MOVE
1770791382.268349,MOUSE,-9,4,MOVE
1770791382.285015,MOUSE,-4,3,MOVE
1770791382.301682,MOUSE,-8,2,MOVE
1770791382.318349,MOUSE,-4,1,MOVE
1770791382.335015,MOUSE,-7,2,MOVE
1770791382.351682,MOUSE,-7,4,MOVE
1770791382.368349,MOUSE,-7,2,MOVE
1770791382.385015,MOUSE,-7,1,MOVE
1770791382.401682,MOUSE,-7,1,MOVE
1770791382.418349,MOUSE,-7,3,MOVE
1770791382.435015,MOUSE,-6,1,MOVE
1770791382.451682,MOUSE,-7,1,MOVE
1770791382.468349,MOUSE,-9,1,MOVE
1770791382.485015,MOUSE,-5,0,MOVE
1770791382.501682,MOUSE,-7,2,MOVE
1770791382.518348,MOUSE,-11,1,MOVE
1770791382.535015,MOUSE,-5,1,MOVE
1770791382.551682,MOUSE,-8,-2,MOVE
1770791382.568348,MOUSE,-8,0,MOVE
1770791382.585015,MOUSE,-8,2,MOVE
1770791382.601682,MOUSE,-9,0,MOVE
1770791382.618348,MOUSE,-5,0,MOVE
1770791382.635015,MOUSE,-9,1,MOVE
1770791382.651682,MOUSE,-10,-1,MOVE
1770791382.668348,MOUSE,-6,-1,MOVE
1770791382.685015,MOUSE,-9,0,MOVE
1770791382.701682,MOUSE,-7,1,MOVE
1770791382.718348,MOUSE,-10,-2,MOVE
1770791382.735015,MOUSE,-10,1,MOVE
1770791382.751682,MOUSE,-7,-1,MOVE
1770791382.768348,MOUSE,-9,-2,MOVE
1770791382.785015,MOUSE,-7,-1,MOVE
1770791382.801682,MOUSE,-11,-2,MOVE
1770791382.818348,MOUSE,-7,-2,MOVE
1770791382.835015,MOUSE,-12,-1,MOVE
1770791382.851681,MOUSE,-7,1,MOVE
1770791382.868348,MOUSE,-10,-4,MOVE
1770791382.885015,MOUSE,-8,-2,MOVE
1770791382.901681,MOUSE,-9,0,MOVE
1770791382.918348,MOUSE,-10,-2,MOVE
1770791382.935015,MOUSE,-10,-2,MOVE
1770791382.951681,MOUSE,-11,-2,MOVE
1770791382.968348,MOUSE,-9,-4,MOVE
1770791382.985015,MOUSE,-9,-3,MOVE
1770791383.001681,MOUSE,-11,-2,MOVE
1770791383.018348,MOUSE,-9,-3,MOVE
1770791383.035015,MOUSE,-11,-3,MOVE
1770791383.051681,MOUSE,-8,-2,MOVE
1770791383.068348,MOUSE,-12,-5,MOVE
1770791383.085015,MOUSE,-9,-1,MOVE
1770791383.101681,MOUSE,-11,-4,MOVE
1770791383.118348,MOUSE,-12,-4,MOVE
1770791383.135015,MOUSE,-11,-4,MOVE
1770791383.151681,MOUSE,-10,-2,MOVE
1770791383.168348,MOUSE,-9,-5,MOVE
1770791383.185014,MOUSE,-11,-3,MOVE
1770791383.201681,MOUSE,-12,-6,MOVE
1770791383.218348,MOUSE,-9,-4,MOVE
1770791383.235014,MOUSE,-13,-3,MOVE
1770791383.251681,MOUSE,-9,-6,MOVE
1770791383.268348,MOUSE,-13,-5,MOVE
1770791383.285014,MOUSE,-11,-3,MOVE
1770791383.301681,MOUSE,-13,-4,MOVE
1770791383.318348,MOUSE,-11,-7,MOVE
1770791383.335014,MOUSE,-11,-6,MOVE
1770791383.351681,MOUSE,-12,-4,MOVE
1770791383.368348,MOUSE,-12,-4,MOVE
1770791383.385014,MOUSE,-12,-7,MOVE
1770791383.401681,MOUSE,-10,-5,MOVE
1770791383.418348,MOUSE,-15,-7,MOVE
1770791383.435014,MOUSE,-9,-5,MOVE
1770791383.451681,MOUSE,-13,-6,MOVE
1770791383.468348,MOUSE,-13,-6,MOVE
1770791383.485014,MOUSE,-13,-7,MOVE
1770791383.501681,MOUSE,-13,-7,MOVE
1770791383.518348,MOUSE,-10,-6,MOVE
1770791383.535014,MOUSE,-13,-7,MOVE
1770791383.551681,MOUSE,-13,-5,MOVE
1770791383.568347,MOUSE,-14,-8,MOVE
1770791383.585014,MOUSE,-12,-7,MOVE
1770791383.601681,MOUSE,-14,-7,MOVE
1770791383.723384,MOUSE,0,0,LEFT_DOWN
1770791383.799120,MOUSE,0,0,LEFT_UP
1770791383.935372,MOUSE,1,-1,MOVE
1770791383.952039,MOUSE,4,3,MOVE
1770791383.968706,MOUSE,2,5,MOVE
1770791383.985372,MOUSE,4,5,MOVE
1770791384.002039,MOUSE,6,6,MOVE
1770791384.018706,MOUSE,2,8,MOVE
1770791384.035372,MOUSE,5,7,MOVE
1770791384.052039,MOUSE,3,8,MOVE
1770791384.068706,MOUSE,5,9,MOVE
1770791384.085372,MOUSE,3,8,MOVE
1770791384.102039,MOUSE,5,11,MOVE
1770791384.118706,MOUSE,6,8,MOVE
1770791384.135372,MOUSE,3,12,MOVE
1770791384.152039,MOUSE,5,8,MOVE
1770791384.168705,MOUSE,4,11,MOVE
1770791384.185372,MOUSE,5,12,MOVE
1770791384.202039,MOUSE,6,8,MOVE
1770791384.218705,MOUSE,3,12,MOVE
1770791384.235372,MOUSE,5,9,MOVE
1770791384.252039,MOUSE,7,9,MOVE
1770791384.268705,MOUSE,2,9,MOVE
1770791384.285372,MOUSE,7,10,MOVE
1770791384.302039,MOUSE,3,10,MOVE
1770791384.318705,MOUSE,5,7,MOVE
1770791384.335372,MOUSE,7,7,MOVE
1770791384.352039,MOUSE,3,6,MOVE
1770791384.368705,MOUSE,4,7,MOVE
1770791384.385372,MOUSE,6,7,MOVE
1770791384.402039,MOUSE,5,5,MOVE
1770791384.418705,MOUSE,5,1,MOVE
1770791384.435372,MOUSE,5,4,MOVE
1770791384.452039,MOUSE,4,2,MOVE
1770791384.468705,MOUSE,5,2,MOVE
1770791384.485372,MOUSE,5,-1,MOVE
1770791384.649399,MOUSE,0,0,LEFT_DOWN
1770791384.709038,MOUSE,0,0,LEFT_UP
1770791384.845125,MOUSE,1,0,MOVE
1770791384.861792,MOUSE,2,-7,MOVE
1770791384.878459,MOUSE,4,-6,MOVE
1770791384.895125,MOUSE,3,-8,MOVE
1770791384.911792,MOUSE,6,-7,MOVE
1770791384.928459,MOUSE,7,-6,MOVE
1770791384.945125,MOUSE,7,-4,MOVE
1770791384.961792,MOUSE,4,-5,MOVE
1770791384.978459,MOUSE,8,-5,MOVE
1770791384.995125,MOUSE,8,-6,MOVE
1770791385.011792,MOUSE,7,-3,MOVE
1770791385.028459,MOUSE,9,-5,MOVE
1770791385.045125,MOUSE,8,-5,MOVE
1770791385.061792,MOUSE,9,-2,MOVE
1770791385.078459,MOUSE,10,-4,MOVE
1770791385.095125,MOUSE,8,-4,MOVE
1770791385.111792,MOUSE,8,-1,MOVE
1770791385.128458,MOUSE,12,-5,MOVE
1770791385.145125,MOUSE,9,0,MOVE
1770791385.161792,MOUSE,10,-4,MOVE
1770791385.178458,MOUSE,9,-3,MOVE
1770791385.195125,MOUSE,10,0,MOVE
1770791385.211792,MOUSE,11,-5,MOVE
1770791385.228458,MOUSE,9,-3,MOVE
1770791385.245125,MOUSE,11,0,MOVE
1770791385.261792,MOUSE,10,-1,MOVE
1770791385.278458,MOUSE,10,-2,MOVE
1770791385.295125,MOUSE,8,-2,MOVE
1770791385.311792,MOUSE,10,-2,MOVE
1770791385.328458,MOUSE,9,-4,MOVE
1770791385.345125,MOUSE,11,-2,MOVE
1770791385.361792,MOUSE,8,-2,MOVE
1770791385.378458,MOUSE,8,-2,MOVE
1770791385.395125,MOUSE,10,-1,MOVE
1770791385.411792,MOUSE,8,-5,MOVE
1770791385.428458,MOUSE,6,-1,MOVE
1770791385.445125,MOUSE,8,-3,MOVE
1770791385.461792,MOUSE,6,-3,MOVE
1770791385.478458,MOUSE,8,-3,MOVE
1770791385.495125,MOUSE,6,-4,MOVE
1770791385.511791,MOUSE,4,-2,MOVE
1770791385.528458,MOUSE,5,-6,MOVE
1770791385.545125,MOUSE,5,-3,MOVE
1770791385.561791,MOUSE,5,-2,MOVE
1770791385.578458,MOUSE,3,-5,MOVE
1770791385.595125,MOUSE,3,-6,MOVE
1770791385.701797,MOUSE,0,0,LEFT_DOWN
1770791385.803028,MOUSE,0,0,LEFT_UP
1770791385.785839,MOUSE,0,0,LEFT_DOWN
1770791385.838631,MOUSE,0,0,LEFT_UP
1770791385.934818,MOUSE,0,0,LEFT_DOWN
1770791386.047590,MOUSE,0,0,LEFT_UP
1770791386.069153,MOUSE,0,0,LEFT_DOWN
1770791386.179195,MOUSE,0,0,LEFT_UP
1770791386.331932,MOUSE,1,0,MOVE
1770791386.348599,MOUSE,-1,3,MOVE
1770791386.365265,MOUSE,1,1,MOVE
1770791386.381932,MOUSE,2,0,MOVE
1770791386.398599,MOUSE,0,3,MOVE
1770791386.415265,MOUSE,2,1,MOVE
1770791386.431932,MOUSE,5,1,MOVE
1770791386.448599,MOUSE,3,3,MOVE
1770791386.465265,MOUSE,1,1,MOVE
1770791386.481932,MOUSE,5,2,MOVE
1770791386.498599,MOUSE,4,0,MOVE
1770791386.515265,MOUSE,3,2,MOVE
1770791386.531932,MOUSE,4,1,MOVE
1770791386.548599,MOUSE,5,0,MOVE
1770791386.565265,MOUSE,4,2,MOVE
1770791386.581932,MOUSE,5,2,MOVE
1770791386.598598,MOUSE,6,-2,MOVE
1770791386.615265,MOUSE,2,3,MOVE
1770791386.631932,MOUSE,5,-1,MOVE
1770791386.648598,MOUSE,5,1,MOVE
1770791386.665265,MOUSE,3,0,MOVE
1770791386.681932,MOUSE,3,-1,MOVE
1770791386.698598,MOUSE,4,2,MOVE
1770791386.715265,MOUSE,5,-1,MOVE
1770791386.731932,MOUSE,2,-1,MOVE
1770791386.748598,MOUSE,3,1,MOVE
1770791386.765265,MOUSE,3,-3,MOVE
1770791386.781932,MOUSE,1,1,MOVE
1770791386.798598,MOUSE,3,-2,MOVE
1770791386.815265,MOUSE,0,-3,MOVE
1770791386.971915,MOUSE,0,0,LEFT_DOWN
1770791387.052486,MOUSE,0,0,LEFT_UP
1770791387.699955,MOUSE,1,0,MOVE
1770791387.716622,MOUSE,10,-4,MOVE
1770791387.733289,MOUSE,11,-4,MOVE
1770791387.749955,MOUSE,13,-4,MOVE
1770791387.766622,MOUSE,12,-4,MOVE
1770791387.783289,MOUSE,10,-4,MOVE
1770791387.799955,MOUSE,13,-4,MOVE
1770791387.816622,MOUSE,10,-4,MOVE
1770791387.833289,MOUSE,12,-4,MOVE
1770791387.849955,MOUSE,13,-2,MOVE
1770791387.866622,MOUSE,11,-4,MOVE
1770791387.883289,MOUSE,12,-6,MOVE
1770791387.899955,MOUSE,12,-4,MOVE
1770791387.916622,MOUSE,11,-3,MOVE
1770791387.933289,MOUSE,13,-3,MOVE
1770791387.949955,MOUSE,10,-4,MOVE
1770791387.966622,MOUSE,12,-4,MOVE
1770791387.983289,MOUSE,11,-5,MOVE
1770791387.999955,MOUSE,12,-3,MOVE
1770791388.016622,MOUSE,12,-3,MOVE
1770791388.033288,MOUSE,11,-5,MOVE
1770791388.049955,MOUSE,12,-5,MOVE
1770791388.066622,MOUSE,13,-3,MOVE
1770791388.083288,MOUSE,10,-3,MOVE
1770791388.099955,MOUSE,12,-4,MOVE
1770791388.116622,MOUSE,12,-5,MOVE
1770791388.133288,MOUSE,12,-3,MOVE
1770791388.149955,MOUSE,11,-5,MOVE
1770791388.166622,MOUSE,11,-2,MOVE
1770791388.183288,MOUSE,12,-5,MOVE
1770791388.199955,MOUSE,11,-5,MOVE
1770791388.216622,MOUSE,13,-3,MOVE
1770791388.233288,MOUSE,11,-4,MOVE
1770791388.249955,MOUSE,12,-3,MOVE
1770791388.266622,MOUSE,12,-4,MOVE
1770791388.283288,MOUSE,10,-5,MOVE
1770791388.299955,MOUSE,14,-3,MOVE
1770791388.316622,MOUSE,10,-5,MOVE
1770791388.333288,MOUSE,12,-4,MOVE
1770791388.349955,MOUSE,11,-4,MOVE
1770791388.506182,MOUSE,0,0,LEFT_DOWN
1770791388.563155,MOUSE,0,0,LEFT_UP
1770791388.624449,MOUSE,0,0,LEFT_DOWN
1770791388.694199,MOUSE,0,0,LEFT_UP
1770791388.756127,MOUSE,-1,-1,MOVE
1770791388.772794,MOUSE,-6,10,MOVE
1770791388.789460,MOUSE,-5,11,MOVE
1770791388.806127,MOUSE,-7,11,MOVE
1770791388.822793,MOUSE,-6,11,MOVE
1770791388.839460,MOUSE,-5,10,MOVE
1770791388.856127,MOUSE,-7,10,MOVE
1770791388.872793,MOUSE,-5,11,MOVE
1770791388.889460,MOUSE,-8,8,MOVE
1770791388.906127,MOUSE,-5,11,MOVE
1770791388.922793,MOUSE,-8,9,MOVE
1770791388.939460,MOUSE,-5,8,MOVE
1770791388.956127,MOUSE,-10,10,MOVE
1770791388.972793,MOUSE,-5,8,MOVE
1770791388.989460,MOUSE,-9,9,MOVE
1770791389.006127,MOUSE,-7,8,MOVE
1770791389.022793,MOUSE,-7,10,MOVE
1770791389.039460,MOUSE,-5,8,MOVE
1770791389.056127,MOUSE,-9,5,MOVE
1770791389.072793,MOUSE,-8,9,MOVE
1770791389.089460,MOUSE,-8,8,MOVE
1770791389.106127,MOUSE,-9,8,MOVE
1770791389.122793,MOUSE,-7,6,MOVE
1770791389.139460,MOUSE,-7,7,MOVE
1770791389.156126,MOUSE,-9,8,MOVE
1770791389.172793,MOUSE,-7,9,MOVE
1770791389.189460,MOUSE,-10,5,MOVE
1770791389.206126,MOUSE,-9,7,MOVE
1770791389.222793,MOUSE,-6,6,MOVE
1770791389.239460,MOUSE,-8,6,MOVE
1770791389.256126,MOUSE,-10,5,MOVE
1770791389.272793,MOUSE,-7,6,MOVE
1770791389.289460,MOUSE,-8,8,MOVE
1770791389.306126,MOUSE,-9,5,MOVE
1770791389.322793,MOUSE,-8,4,MOVE
1770791389.339460,MOUSE,-8,8,MOVE
1770791389.356126,MOUSE,-9,5,MOVE
1770791389.372793,MOUSE,-9,5,MOVE
1770791389.389460,MOUSE,-8,5,MOVE
1770791389.406126,MOUSE,-9,5,MOVE
1770791389.422793,MOUSE,-9,4,MOVE
1770791389.439460,MOUSE,-9,4,MOVE
1770791389.456126,MOUSE,-8,6,MOVE
1770791389.472793,MOUSE,-7,3,MOVE
1770791389.489460,MOUSE,-8,4,MOVE
1770791389.506126,MOUSE,-9,6,MOVE
1770791389.522793,MOUSE,-10,3,MOVE
1770791389.539459,MOUSE,-8,4,MOVE
1770791389.556126,MOUSE,-7,4,MOVE
1770791389.572793,MOUSE,-9,2,MOVE
1770791389.589459,MOUSE,-8,4,MOVE
1770791389.606126,MOUSE,-7,4,MOVE
1770791389.622793,MOUSE,-9,2,MOVE
1770791389.639459,MOUSE,-8,5,MOVE
1770791389.656126,MOUSE,-7,1,MOVE
1770791389.672793,MOUSE,-8,2,MOVE
1770791389.689459,MOUSE,-9,5,MOVE
1770791389.706126,MOUSE,-8,4,MOVE
1770791389.722793,MOUSE,-7,0,MOVE
1770791389.739459,MOUSE,-10,5,MOVE
1770791389.756126,MOUSE,-6,1,MOVE
1770791389.772793,MOUSE,-6,2,MOVE
1770791389.789459,MOUSE,-8,3,MOVE
1770791389.806126,MOUSE,-7,-1,MOVE
1770791389.822793,MOUSE,-6,5,MOVE
1770791389.839459,MOUSE,-10,1,MOVE
1770791389.856126,MOUSE,-7,0,MOVE
1770791389.872792,MOUSE,-4,3,MOVE
1770791389.889459,MOUSE,-7,3,MOVE
1770791389.906126,MOUSE,-6,0,MOVE
1770791389.922792,MOUSE,-9,0,MOVE
1770791389.939459,MOUSE,-6,1,MOVE
1770791389.956126,MOUSE,-4,2,MOVE
1770791389.972792,MOUSE,-7,0,MOVE
1770791389.989459,MOUSE,-7,3,MOVE
1770791390.006126,MOUSE,-5,0,MOVE
1770791390.022792,MOUSE,-4,1,MOVE
1770791390.039459,MOUSE,-7,-1,MOVE
1770791390.056126,MOUSE,-3,0,MOVE
1770791390.072792,MOUSE,-7,1,MOVE
1770791390.089459,MOUSE,-3,2,MOVE
1770791390.106126,MOUSE,-4,0,MOVE
1770791390.122792,MOUSE,-5,0,MOVE
1770791390.139459,MOUSE,-6,0,MOVE
1770791390.156126,MOUSE,-3,-1,MOVE
1770791390.172792,MOUSE,-3,0,MOVE
1770791390.189459,MOUSE,-6,1,MOVE
1770791390.206125,MOUSE,-3,0,MOVE
1770791390.222792,MOUSE,-3,-1,MOVE
1770791390.239459,MOUSE,-2,-1,MOVE
1770791390.256125,MOUSE,-4,0,MOVE
1770791390.272792,MOUSE,-2,0,MOVE
1770791390.289459,MOUSE,-3,0,MOVE
1770791390.356937,MOUSE,0,0,LEFT_DOWN
1770791390.450079,MOUSE,0,0,LEFT_UP
1770791390.477764,MOUSE,0,0,LEFT_DOWN
1770791390.579890,MOUSE,0,0,LEFT_UP
1770791390.542852,MOUSE,0,0,LEFT_DOWN
1770791390.646700,MOUSE,0,0,LEFT_UP
1770791390.647805,MOUSE,0,0,LEFT_DOWN
1770791390.724322,MOUSE,0,0,LEFT_UP
1770791390.761152,MOUSE,0,-1,MOVE
1770791390.777818,MOUSE,-2,7,MOVE
1770791390.794485,MOUSE,3,7,MOVE
1770791390.811152,MOUSE,0,9,MOVE
1770791390.827818,MOUSE,2,4,MOVE
1770791390.844485,MOUSE,1,9,MOVE
1770791390.861151,MOUSE,3,5,MOVE
1770791390.877818,MOUSE,3,8,MOVE
1770791390.894485,MOUSE,1,5,MOVE
1770791390.911151,MOUSE,5,7,MOVE
1770791390.927818,MOUSE,1,5,MOVE
1770791390.944485,MOUSE,6,7,MOVE
1770791390.961151,MOUSE,5,6,MOVE
1770791390.977818,MOUSE,3,5,MOVE
1770791390.994485,MOUSE,4,6,MOVE
1770791391.011151,MOUSE,4,4,MOVE
1770791391.027818,MOUSE,8,6,MOVE
1770791391.044485,MOUSE,6,7,MOVE
1770791391.061151,MOUSE,5,4,MOVE
1770791391.077818,MOUSE,7,5,MOVE
1770791391.094485,MOUSE,6,6,MOVE
1770791391.111151,MOUSE,6,4,MOVE
1770791391.127818,MOUSE,9,5,MOVE
1770791391.144485,MOUSE,7,5,MOVE
1770791391.161151,MOUSE,7,3,MOVE
1770791391.177818,MOUSE,9,4,MOVE
1770791391.194484,MOUSE,8,6,MOVE
1770791391.211151,MOUSE,6,4,MOVE
1770791391.227818,MOUSE,11,3,MOVE
1770791391.244484,MOUSE,9,5,MOVE
1770791391.261151,MOUSE,6,4,MOVE
1770791391.277818,MOUSE,11,3,MOVE
1770791391.294484,MOUSE,8,4,MOVE
1770791391.311151,MOUSE,11,4,MOVE
1770791391.327818,MOUSE,7,2,MOVE
1770791391.344484,MOUSE,10,5,MOVE
1770791391.361151,MOUSE,12,2,MOVE
1770791391.377818,MOUSE,10,3,MOVE
1770791391.394484,MOUSE,9,5,MOVE
1770791391.411151,MOUSE,11,3,MOVE
1770791391.427818,MOUSE,10,3,MOVE
1770791391.444484,MOUSE,9,0,MOVE
1770791391.461151,MOUSE,11,4,MOVE
1770791391.477818,MOUSE,12,2,MOVE
1770791391.494484,MOUSE,9,1,MOVE
1770791391.511151,MOUSE,12,4,MOVE
1770791391.527817,MOUSE,11,2,MOVE
1770791391.544484,MOUSE,10,3,MOVE
1770791391.561151,MOUSE,11,2,MOVE
1770791391.577817,MOUSE,13,0,MOVE
1770791391.594484,MOUSE,10,1,MOVE
1770791391.611151,MOUSE,12,5,MOVE
1770791391.627817,MOUSE,10,1,MOVE
1770791391.644484,MOUSE,13,1,MOVE
1770791391.661151,MOUSE,10,0,MOVE
1770791391.677817,MOUSE,11,1,MOVE
1770791391.694484,MOUSE,11,4,MOVE
1770791391.711151,MOUSE,9,-1,MOVE
1770791391.727817,MOUSE,12,0,MOVE
1770791391.744484,MOUSE,12,2,MOVE
1770791391.761151,MOUSE,10,1,MOVE
1770791391.777817,MOUSE,11,1,MOVE
1770791391.794484,MOUSE,11,2,MOVE
1770791391.811151,MOUSE,12,-2,MOVE
1770791391.827817,MOUSE,10,1,MOVE
1770791391.844484,MOUSE,11,0,MOVE
1770791391.861151,MOUSE,11,2,MOVE
1770791391.877817,MOUSE,9,0,MOVE
1770791391.894484,MOUSE,10,-1,MOVE
1770791391.911150,MOUSE,12,-1,MOVE
1770791391.927817,MOUSE,8,2,MOVE
1770791391.944484,MOUSE,10,0,MOVE
1770791391.961150,MOUSE,9,-3,MOVE
1770791391.977817,MOUSE,11,3,MOVE
1770791391.994484,MOUSE,10,-3,MOVE
1770791392.011150,MOUSE,10,1,MOVE
1770791392.027817,MOUSE,7,-2,MOVE
1770791392.044484,MOUSE,11,-1,MOVE
1770791392.061150,MOUSE,7,1,MOVE
1770791392.077817,MOUSE,9,0,MOVE
1770791392.094484,MOUSE,10,-2,MOVE
1770791392.111150,MOUSE,8,-1,MOVE
1770791392.127817,MOUSE,8,-2,MOVE
1770791392.144484,MOUSE,6,-1,MOVE
1770791392.161150,MOUSE,7,-1,MOVE
1770791392.177817,MOUSE,9,-2,MOVE
1770791392.194484,MOUSE,8,-2,MOVE
1770791392.211150,MOUSE,6,-1,MOVE
1770791392.227817,MOUSE,5,-2,MOVE
1770791392.244483,MOUSE,7,-2,MOVE
1770791392.261150,MOUSE,7,1,MOVE
1770791392.277817,MOUSE,3,-4,MOVE
1770791392.294483,MOUSE,8,-1,MOVE
1770791392.311150,MOUSE,2,-2,MOVE
1770791392.327817,MOUSE,6,-2,MOVE
1770791392.344483,MOUSE,5,-4,MOVE
1770791392.361150,MOUSE,2,0,MOVE
1770791392.377817,MOUSE,5,-2,MOVE
1770791392.394483,MOUSE,2,-2,MOVE
1770791392.506813,MOUSE,0,0,LEFT_DOWN
1770791392.607346,MOUSE,0,0,LEFT_UP
1770791392.562962,MOUSE,0,0,LEFT_DOWN
1770791392.624486,MOUSE,0,0,LEFT_UP
1770791392.698140,MOUSE,0,0,LEFT_DOWN
1770791392.762326,MOUSE,0,0,LEFT_UP
1770791392.789670,MOUSE,0,0,LEFT_DOWN
1770791392.847825,MOUSE,0,0,LEFT_UP
1770791392.899076,MOUSE,-1,0,MOVE
1770791392.915743,MOUSE,2,-12,MOVE
1770791392.932409,MOUSE,1,-12,MOVE
1770791392.949076,MOUSE,0,-12,MOVE
1770791392.965743,MOUSE,2,-12,MOVE
1770791392.982409,MOUSE,2,-13,MOVE
1770791392.999076,MOUSE,0,-12,MOVE
1770791393.015743,MOUSE,2,-13,MOVE
1770791393.032409,MOUSE,2,-11,MOVE
1770791393.049076,MOUSE,0,-13,MOVE
1770791393.065742,MOUSE,0,-12,MOVE
1770791393.082409,MOUSE,4,-11,MOVE
1770791393.099076,MOUSE,-1,-13,MOVE
1770791393.115742,MOUSE,3,-12,MOVE
1770791393.132409,MOUSE,0,-11,MOVE
1770791393.149076,MOUSE,1,-14,MOVE
1770791393.165742,MOUSE,1,-12,MOVE
1770791393.182409,MOUSE,3,-11,MOVE
1770791393.199076,MOUSE,-1,-12,MOVE
1770791393.215742,MOUSE,1,-12,MOVE
1770791393.232409,MOUSE,2,-13,MOVE
1770791393.249076,MOUSE,1,-13,MOVE
1770791393.265742,MOUSE,2,-12,MOVE
1770791393.282409,MOUSE,0,-10,MOVE
1770791393.299076,MOUSE,2,-14,MOVE
1770791393.315742,MOUSE,1,-13,MOVE
1770791393.332409,MOUSE,1,-10,MOVE
1770791393.349076,MOUSE,2,-13,MOVE
1770791393.365742,MOUSE,1,-11,MOVE
1770791393.382409,MOUSE,0,-13,MOVE
1770791393.399076,MOUSE,1,-11,MOVE
1770791393.415742,MOUSE,3,-14,MOVE
1770791393.432409,MOUSE,0,-12,MOVE
1770791393.449075,MOUSE,1,-12,MOVE
1770791393.465742,MOUSE,2,-11,MOVE
1770791393.482409,MOUSE,1,-12,MOVE
1770791393.499075,MOUSE,1,-12,MOVE
1770791393.515742,MOUSE,1,-12,MOVE
1770791393.532409,MOUSE,3,-14,MOVE
1770791393.549075,MOUSE,0,-11,MOVE
1770791393.565742,MOUSE,1,-13,MOVE
1770791393.582409,MOUSE,1,-12,MOVE
1770791393.599075,MOUSE,1,-11,MOVE
1770791393.615742,MOUSE,2,-12,MOVE
1770791393.632409,MOUSE,0,-13,MOVE
1770791393.649075,MOUSE,2,-12,MOVE
1770791393.665742,MOUSE,0,-13,MOVE
1770791393.682409,MOUSE,3,-12,MOVE
1770791393.699075,MOUSE,0,-11,MOVE
1770791393.770542,MOUSE,0,0,LEFT_DOWN
1770791393.840346,MOUSE,0,0,LEFT_UP
1770791393.866129,MOUSE,0,0,LEFT_DOWN
1770791393.980478,MOUSE,0,0,LEFT_UP
1770791394.453130,MOUSE,0,1,MOVE
1770791394.469797,MOUSE,-3,11,MOVE
1770791394.486463,MOUSE,-3,11,MOVE
1770791394.503130,MOUSE,-4,12,MOVE
1770791394.519797,MOUSE,-3,13,MOVE
1770791394.536463,MOUSE,-3,11,MOVE
1770791394.553130,MOUSE,-3,12,MOVE
1770791394.569797,MOUSE,-3,11,MOVE
1770791394.586463,MOUSE,-2,13,MOVE
1770791394.603130,MOUSE,-4,10,MOVE
1770791394.619797,MOUSE,-2,13,MOVE
1770791394.636463,MOUSE,-3,11,MOVE
1770791394.653130,MOUSE,-4,12,MOVE
1770791394.669796,MOUSE,-2,11,MOVE
1770791394.686463,MOUSE,-3,12,MOVE
1770791394.703130,MOUSE,-3,12,MOVE
1770791394.719796,MOUSE,-5,12,MOVE
1770791394.736463,MOUSE,-1,12,MOVE
1770791394.753130,MOUSE,-4,11,MOVE
1770791394.769796,MOUSE,-3,12,MOVE
1770791394.786463,MOUSE,-3,12,MOVE
1770791394.803130,MOUSE,-2,12,MOVE
1770791394.819796,MOUSE,-3,12,MOVE
1770791394.836463,MOUSE,-5,12,MOVE
1770791394.853130,MOUSE,-3,10,MOVE
1770791394.869796,MOUSE,-1,13,MOVE
1770791394.886463,MOUSE,-5,11,MOVE
1770791394.903130,MOUSE,-2,12,MOVE
1770791394.919796,MOUSE,-3,12,MOVE
1770791395.077001,MOUSE,0,0,LEFT_DOWN
1770791395.129355,MOUSE,0,0,LEFT_UP
1770791395.192466,MOUSE,0,0,LEFT_DOWN
1770791395.297277,MOUSE,0,0,LEFT_UP
1770791395.328977,MOUSE,-1,0,MOVE
1770791395.345644,MOUSE,-12,0,MOVE
1770791395.362311,MOUSE,-12,-3,MOVE
1770791395.378977,MOUSE,-11,-1,MOVE
1770791395.395644,MOUSE,-11,-1,MOVE
1770791395.412311,MOUSE,-13,-3,MOVE
1770791395.428977,MOUSE,-12,0,MOVE
1770791395.445644,MOUSE,-11,-1,MOVE
1770791395.462311,MOUSE,-14,-3,MOVE
1770791395.478977,MOUSE,-10,-1,MOVE
1770791395.495644,MOUSE,-12,-1,MOVE
1770791395.512311,MOUSE,-14,-2,MOVE
1770791395.528977,MOUSE,-11,-1,MOVE
1770791395.545644,MOUSE,-11,-2,MOVE
1770791395.562310,MOUSE,-12,-2,MOVE
1770791395.578977,MOUSE,-13,-1,MOVE
1770791395.595644,MOUSE,-11,-2,MOVE
1770791395.612310,MOUSE,-13,-2,MOVE
1770791395.628977,MOUSE,-10,0,MOVE
1770791395.645644,MOUSE,-13,-1,MOVE
1770791395.662310,MOUSE,-13,-2,MOVE
1770791395.678977,MOUSE,-10,-2,MOVE
1770791395.695644,MOUSE,-13,-1,MOVE
1770791395.712310,MOUSE,-12,-2,MOVE
1770791395.728977,MOUSE,-13,-1,MOVE
1770791395.745644,MOUSE,-12,-1,MOVE
1770791395.762310,MOUSE,-11,-3,MOVE
1770791395.778977,MOUSE,-12,1,MOVE
1770791395.795644,MOUSE,-11,-2,MOVE
1770791395.812310,MOUSE,-12,-3,MOVE
1770791395.828977,MOUSE,-12,0,MOVE
1770791395.845644,MOUSE,-13,-3,MOVE
1770791395.862310,MOUSE,-11,0,MOVE
1770791395.878977,MOUSE,-12,-2,MOVE
1770791395.895643,MOUSE,-12,-1,MOVE
1770791395.912310,MOUSE,-12,-3,MOVE
1770791395.928977,MOUSE,-13,-1,MOVE
1770791395.945643,MOUSE,-10,-1,MOVE
1770791395.962310,MOUSE,-12,-1,MOVE
1770791395.978977,MOUSE,-13,-2,MOVE
1770791395.995643,MOUSE,-11,-1,MOVE
1770791396.012310,MOUSE,-12,-2,MOVE
1770791396.028977,MOUSE,-13,-2,MOVE
1770791396.045643,MOUSE,-12,-1,MOVE
1770791396.062310,MOUSE,-12,-2,MOVE
1770791396.078977,MOUSE,-11,-1,MOVE
1770791396.095643,MOUSE,-11,-1,MOVE
1770791396.112310,MOUSE,-14,-1,MOVE
1770791396.128977,MOUSE,-10,-2,MOVE
1770791396.145643,MOUSE,-13,-2,MOVE
1770791396.162310,MOUSE,-12,0,MOVE
1770791396.178977,MOUSE,-12,-2,MOVE
1770791396.195643,MOUSE,-12,-2,MOVE
1770791396.212310,MOUSE,-11,-1,MOVE
1770791396.228976,MOUSE,-13,-3,MOVE
1770791396.245643,MOUSE,-11,0,MOVE
1770791396.262310,MOUSE,-13,-1,MOVE
1770791396.278976,MOUSE,-12,-2,MOVE
1770791396.295643,MOUSE,-12,-2,MOVE
1770791396.312310,MOUSE,-11,-1,MOVE
1770791396.328976,MOUSE,-13,-2,MOVE
1770791396.345643,MOUSE,-11,-2,MOVE
1770791396.362310,MOUSE,-12,-1,MOVE
1770791396.378976,MOUSE,-13,0,MOVE
1770791396.395643,MOUSE,-12,-2,MOVE
1770791396.412310,MOUSE,-11,-2,MOVE
1770791396.428976,MOUSE,-11,-2,MOVE
1770791396.445643,MOUSE,-13,-1,MOVE
1770791396.462310,MOUSE,-12,-2,MOVE
1770791396.478976,MOUSE,-12,-1,MOVE
1770791396.495643,MOUSE,-11,-2,MOVE
1770791396.512310,MOUSE,-12,-1,MOVE
1770791396.528976,MOUSE,-12,-2,MOVE
1770791396.545643,MOUSE,-12,-1,MOVE
1770791396.562310,MOUSE,-12,0,MOVE
1770791396.578976,MOUSE,-12,-2,MOVE
1770791396.595643,MOUSE,-12,-1,MOVE
1770791396.612309,MOUSE,-12,-3,MOVE
1770791396.628976,MOUSE,-13,-1,MOVE
1770791396.645643,MOUSE,-10,-2,MOVE
1770791396.662309,MOUSE,-13,0,MOVE
1770791396.678976,MOUSE,-12,-2,MOVE
1770791396.695643,MOUSE,-12,-1,MOVE
1770791396.712309,MOUSE,-12,-3,MOVE
1770791396.728976,MOUSE,-11,0,MOVE
1770791396.745643,MOUSE,-13,-3,MOVE
1770791396.762309,MOUSE,-12,-1,MOVE
1770791396.778976,MOUSE,-12,-1,MOVE
1770791396.795643,MOUSE,-11,-2,MOVE
1770791396.812309,MOUSE,-13,-2,MOVE
1770791396.828976,MOUSE,-11,-1,MOVE
1770791396.845643,MOUSE,-12,-1,MOVE
1770791396.862309,MOUSE,-12,-2,MOVE
1770791396.878976,MOUSE,-12,-1,MOVE
1770791396.895643,MOUSE,-11,-2,MOVE
1770791396.912309,MOUSE,-13,-2,MOVE
1770791396.928976,MOUSE,-12,-1,MOVE
1770791396.945642,MOUSE,-11,-2,MOVE
1770791396.962309,MOUSE,-12,0,MOVE
1770791396.978976,MOUSE,-12,-2,MOVE
1770791396.995642,MOUSE,-12,-2,MOVE
1770791397.012309,MOUSE,-12,0,MOVE
1770791397.028976,MOUSE,-12,-2,MOVE
1770791397.126907,MOUSE,0,0,LEFT_DOWN
1770791397.182250,MOUSE,0,0,LEFT_UP
1770791397.370853,MOUSE,1,1,MOVE
1770791397.387520,MOUSE,12,4,MOVE
1770791397.404186,MOUSE,10,5,MOVE
1770791397.420853,MOUSE,13,5,MOVE
1770791397.437520,MOUSE,10,8,MOVE
1770791397.454186,MOUSE,10,4,MOVE
1770791397.470853,MOUSE,10,3,MOVE
1770791397.487520,MOUSE,12,5,MOVE
1770791397.504186,MOUSE,11,4,MOVE
1770791397.520853,MOUSE,9,6,MOVE
1770791397.537519,MOUSE,10,2,MOVE
1770791397.554186,MOUSE,8,5,MOVE
1770791397.570853,MOUSE,9,4,MOVE
1770791397.587519,MOUSE,10,3,MOVE
1770791397.604186,MOUSE,9,4,MOVE
1770791397.620853,MOUSE,11,3,MOVE
1770791397.637519,MOUSE,6,5,MOVE
1770791397.654186,MOUSE,10,0,MOVE
1770791397.670853,MOUSE,7,5,MOVE
1770791397.687519,MOUSE,8,3,MOVE
1770791397.704186,MOUSE,8,3,MOVE
1770791397.720853,MOUSE,9,0,MOVE
1770791397.737519,MOUSE,8,2,MOVE
1770791397.754186,MOUSE,7,3,MOVE
1770791397.770853,MOUSE,6,3,MOVE
1770791397.787519,MOUSE,10,2,MOVE
1770791397.804186,MOUSE,6,0,MOVE
1770791397.820853,MOUSE,8,1,MOVE
1770791397.837519,MOUSE,6,2,MOVE
1770791397.854186,MOUSE,6,3,MOVE
1770791397.870852,MOUSE,8,1,MOVE
1770791397.887519,MOUSE,6,-1,MOVE
1770791397.904186,MOUSE,9,2,MOVE
1770791397.920852,MOUSE,6,1,MOVE
1770791397.937519,MOUSE,7,0,MOVE
1770791397.954186,MOUSE,6,-1,MOVE
1770791397.970852,MOUSE,5,1,MOVE
1770791397.987519,MOUSE,7,2,MOVE
1770791398.004186,MOUSE,8,-3,MOVE
1770791398.020852,MOUSE,6,0,MOVE
1770791398.037519,MOUSE,5,2,MOVE
1770791398.054186,MOUSE,8,-2,MOVE
1770791398.070852,MOUSE,6,-1,MOVE
1770791398.087519,MOUSE,6,1,MOVE
1770791398.104186,MOUSE,6,-2,MOVE
1770791398.120852,MOUSE,8,0,MOVE
1770791398.137519,MOUSE,7,-3,MOVE
1770791398.154186,MOUSE,6,1,MOVE
1770791398.170852,MOUSE,7,-4,MOVE
1770791398.187519,MOUSE,7,1,MOVE
1770791398.204185,MOUSE,8,-2,MOVE
1770791398.220852,MOUSE,6,-4,MOVE
1770791398.237519,MOUSE,7,0,MOVE
1770791398.254185,MOUSE,7,-2,MOVE
1770791398.270852,MOUSE,7,-2,MOVE
1770791398.287519,MOUSE,8,-3,MOVE
1770791398.304185,MOUSE,6,-4,MOVE
1770791398.320852,MOUSE,7,-3,MOVE
1770791398.337519,MOUSE,9,0,MOVE
1770791398.354185,MOUSE,7,-5,MOVE
1770791398.370852,MOUSE,9,-1,MOVE
1770791398.387519,MOUSE,6,-3,MOVE
1770791398.404185,MOUSE,11,-4,MOVE
1770791398.420852,MOUSE,8,-4,MOVE
1770791398.437519,MOUSE,7,-3,MOVE
1770791398.454185,MOUSE,9,-3,MOVE
1770791398.470852,MOUSE,10,-5,MOVE
1770791398.487519,MOUSE,8,-5,MOVE
1770791398.504185,MOUSE,9,-2,MOVE
1770791398.520852,MOUSE,10,-4,MOVE
1770791398.537519,MOUSE,8,-4,MOVE
1770791398.554185,MOUSE,11,-5,MOVE
1770791398.570852,MOUSE,9,-4,MOVE
1770791398.587518,MOUSE,12,-6,MOVE
1770791398.604185,MOUSE,9,-5,MOVE
1770791398.620852,MOUSE,10,-6,MOVE
1770791398.707088,MOUSE,0,0,LEFT_DOWN
1770791398.803154,MOUSE,0,0,LEFT_UP
1770791398.855186,MOUSE,0,0,LEFT_DOWN
1770791398.905205,MOUSE,0,0,LEFT_UP
1770791398.967348,MOUSE,0,0,LEFT_DOWN
1770791399.042655,MOUSE,0,0,LEFT_UP
1770791399.094297,MOUSE,0,0,LEFT_DOWN
1770791399.174521,MOUSE,0,0,LEFT_UP
1770791399.615592,MOUSE,2,12,MOVE
1770791399.632259,MOUSE,2,11,MOVE
1770791399.648926,MOUSE,1,12,MOVE
1770791399.665592,MOUSE,3,13,MOVE
1770791399.682259,MOUSE,1,11,MOVE
1770791399.698925,MOUSE,1,13,MOVE
1770791399.715592,MOUSE,2,12,MOVE
1770791399.732259,MOUSE,2,12,MOVE
1770791399.748925,MOUSE,3,12,MOVE
1770791399.765592,MOUSE,1,12,MOVE
1770791399.782259,MOUSE,1,12,MOVE
1770791399.798925,MOUSE,2,12,MOVE
1770791399.815592,MOUSE,1,12,MOVE
1770791399.832259,MOUSE,2,13,MOVE
1770791399.848925,MOUSE,2,11,MOVE
1770791399.865592,MOUSE,3,12,MOVE
1770791399.882259,MOUSE,0,11,MOVE
1770791399.898925,MOUSE,2,14,MOVE
1770791399.915592,MOUSE,3,11,MOVE
1770791399.932259,MOUSE,1,13,MOVE
1770791399.948925,MOUSE,2,10,MOVE
1770791399.965592,MOUSE,2,14,MOVE
1770791399.982259,MOUSE,1,11,MOVE
1770791399.998925,MOUSE,2,12,MOVE
1770791400.015592,MOUSE,1,12,MOVE
1770791400.032259,MOUSE,3,13,MOVE
1770791400.048925,MOUSE,1,11,MOVE
1770791400.065592,MOUSE,3,13,MOVE
1770791400.082258,MOUSE,0,10,MOVE
1770791400.098925,MOUSE,2,13,MOVE
1770791400.245329,MOUSE,0,0,LEFT_DOWN
1770791400.343851,MOUSE,0,0,LEFT_UP
1770791400.314967,MOUSE,0,0,LEFT_DOWN
1770791400.381300,MOUSE,0,0,LEFT_UP
1770791400.567724,MOUSE,0,1,MOVE
1770791400.584391,MOUSE,0,-7,MOVE
1770791400.601057,MOUSE,-1,-8,MOVE
1770791400.617724,MOUSE,-1,-8,MOVE
1770791400.634391,MOUSE,-1,-7,MOVE
1770791400.651057,MOUSE,-2,-9,MOVE
1770791400.667724,MOUSE,1,-6,MOVE
1770791400.684391,MOUSE,-2,-11,MOVE
1770791400.701057,MOUSE,1,-7,MOVE
1770791400.717724,MOUSE,-4,-10,MOVE
1770791400.734390,MOUSE,0,-6,MOVE
1770791400.751057,MOUSE,-1,-12,MOVE
1770791400.767724,MOUSE,0,-7,MOVE
1770791400.784390,MOUSE,-2,-10,MOVE
1770791400.801057,MOUSE,-1,-9,MOVE
1770791400.817724,MOUSE,-3,-11,MOVE
1770791400.834390,MOUSE,-1,-8,MOVE
1770791400.851057,MOUSE,-1,-11,MOVE
1770791400.867724,MOUSE,-1,-9,MOVE
1770791400.884390,MOUSE,-4,-11,MOVE
1770791400.901057,MOUSE,-2,-9,MOVE
1770791400.917724,MOUSE,1,-9,MOVE
1770791400.934390,MOUSE,-3,-11,MOVE
1770791400.951057,MOUSE,-4,-9,MOVE
1770791400.967724,MOUSE,-2,-8,MOVE
1770791400.984390,MOUSE,-3,-11,MOVE
1770791401.001057,MOUSE,0,-9,MOVE
1770791401.017724,MOUSE,-4,-9,MOVE
1770791401.034390,MOUSE,-3,-11,MOVE
1770791401.051057,MOUSE,-2,-7,MOVE
1770791401.067724,MOUSE,-2,-10,MOVE
1770791401.084390,MOUSE,-2,-9,MOVE
1770791401.101057,MOUSE,-4,-8,MOVE
1770791401.117723,MOUSE,-4,-8,MOVE
1770791401.134390,MOUSE,-4,-11,MOVE
1770791401.151057,MOUSE,-4,-9,MOVE
1770791401.167723,MOUSE,-4,-6,MOVE
1770791401.184390,MOUSE,-4,-7,MOVE
1770791401.201057,MOUSE,-4,-8,MOVE
1770791401.217723,MOUSE,-3,-9,MOVE
1770791401.234390,MOUSE,-3,-7,MOVE
1770791401.251057,MOUSE,-6,-5,MOVE
1770791401.267723,MOUSE,-6,-7,MOVE
1770791401.284390,MOUSE,-5,-8,MOVE
1770791401.301057,MOUSE,-5,-5,MOVE
1770791401.317723,MOUSE,-4,-7,MOVE
1770791401.334390,MOUSE,-6,-4,MOVE
1770791401.351057,MOUSE,-5,-4,MOVE
1770791401.367723,MOUSE,-5,-5,MOVE
1770791401.384390,MOUSE,-7,-3,MOVE
1770791401.401057,MOUSE,-6,-6,MOVE
1770791401.417723,MOUSE,-7,-2,MOVE
1770791401.434390,MOUSE,-6,-4,MOVE
1770791401.451056,MOUSE,-6,-3,MOVE
1770791401.467723,MOUSE,-7,-2,MOVE
1770791401.484390,MOUSE,-8,0,MOVE
1770791401.637122,MOUSE,0,0,LEFT_DOWN
1770791401.722944,MOUSE,0,0,LEFT_UP
1770791401.716196,MOUSE,0,0,LEFT_DOWN
1770791401.794487,MOUSE,0,0,LEFT_UP
1770791401.805418,MOUSE,0,0,LEFT_DOWN
1770791401.884606,MOUSE,0,0,LEFT_UP
1770791401.950134,MOUSE,1,0,MOVE
1770791401.983468,MOUSE,-1,4,MOVE
1770791402.000134,MOUSE,1,0,MOVE
1770791402.016801,MOUSE,-1,3,MOVE
1770791402.033468,MOUSE,4,5,MOVE
1770791402.050134,MOUSE,-2,0,MOVE
1770791402.066801,MOUSE,2,4,MOVE
1770791402.083467,MOUSE,0,3,MOVE
1770791402.100134,MOUSE,1,7,MOVE
1770791402.116801,MOUSE,3,3,MOVE
1770791402.133467,MOUSE,2,5,MOVE
1770791402.150134,MOUSE,0,3,MOVE
1770791402.166801,MOUSE,0,6,MOVE
1770791402.183467,MOUSE,2,4,MOVE
1770791402.200134,MOUSE,2,8,MOVE
1770791402.216801,MOUSE,2,6,MOVE
1770791402.233467,MOUSE,0,5,MOVE
1770791402.250134,MOUSE,1,6,MOVE
1770791402.266801,MOUSE,1,8,MOVE
1770791402.283467,MOUSE,3,7,MOVE
1770791402.300134,MOUSE,1,7,MOVE
1770791402.316801,MOUSE,1,7,MOVE
1770791402.333467,MOUSE,3,7,MOVE
1770791402.350134,MOUSE,1,7,MOVE
1770791402.366801,MOUSE,1,9,MOVE
1770791402.383467,MOUSE,2,7,MOVE
1770791402.400134,MOUSE,2,8,MOVE
1770791402.416800,MOUSE,0,10,MOVE
1770791402.433467,MOUSE,3,10,MOVE
1770791402.450134,MOUSE,1,8,MOVE
1770791402.466800,MOUSE,-1,8,MOVE
1770791402.483467,MOUSE,2,8,MOVE
1770791402.500134,MOUSE,2,11,MOVE
1770791402.516800,MOUSE,-1,11,MOVE
1770791402.533467,MOUSE,1,9,MOVE
1770791402.550134,MOUSE,3,8,MOVE
1770791402.566800,MOUSE,-1,12,MOVE
1770791402.583467,MOUSE,1,11,MOVE
1770791402.600134,MOUSE,1,9,MOVE
1770791402.616800,MOUSE,0,9,MOVE
1770791402.633467,MOUSE,-1,11,MOVE
1770791402.650134,MOUSE,2,12,MOVE
1770791402.666800,MOUSE,-1,10,MOVE
1770791402.683467,MOUSE,-1,12,MOVE
1770791402.700134,MOUSE,-1,11,MOVE
1770791402.716800,MOUSE,1,8,MOVE
1770791402.733467,MOUSE,0,13,MOVE
1770791402.750134,MOUSE,-3,11,MOVE
1770791402.766800,MOUSE,-1,10,MOVE
1770791402.783467,MOUSE,1,12,MOVE
1770791402.800133,MOUSE,-2,12,MOVE
1770791402.816800,MOUSE,-1,11,MOVE
1770791402.833467,MOUSE,-2,11,MOVE
1770791402.850133,MOUSE,-1,12,MOVE
1770791402.866800,MOUSE,-4,12,MOVE
1770791402.883467,MOUSE,-2,10,MOVE
1770791402.900133,MOUSE,-2,12,MOVE
1770791402.916800,MOUSE,-3,12,MOVE
1770791402.933467,MOUSE,-4,10,MOVE
1770791402.950133,MOUSE,-4,14,MOVE
1770791402.966800,MOUSE,-2,10,MOVE
1770791403.077038,MOUSE,0,0,LEFT_DOWN
1770791403.130820,MOUSE,0,0,LEFT_UP
1770791403.222359,MOUSE,0,0,LEFT_DOWN
1770791403.340430,MOUSE,0,0,LEFT_UP
1770791403.325027,MOUSE,0,0,LEFT_DOWN
1770791403.400786,MOUSE,0,0,LEFT_UP
1770791403.427233,MOUSE,0,0,LEFT_DOWN
1770791403.502479,MOUSE,0,0,LEFT_UP
1770791404.369721,MOUSE,-2,-1,MOVE
1770791404.386388,MOUSE,10,-10,MOVE
1770791404.403055,MOUSE,9,-11,MOVE
1770791404.419721,MOUSE,6,-11,MOVE
1770791404.436388,MOUSE,5,-9,MOVE
1770791404.453055,MOUSE,7,-12,MOVE
1770791404.469721,MOUSE,7,-11,MOVE
1770791404.486388,MOUSE,7,-11,MOVE
1770791404.503055,MOUSE,5,-7,MOVE
1770791404.519721,MOUSE,6,-12,MOVE
1770791404.536388,MOUSE,4,-9,MOVE
1770791404.553055,MOUSE,4,-9,MOVE
1770791404.569721,MOUSE,6,-8,MOVE
1770791404.586388,MOUSE,5,-10,MOVE
1770791404.603055,MOUSE,2,-9,MOVE
1770791404.619721,MOUSE,4,-9,MOVE
1770791404.636388,MOUSE,3,-8,MOVE
1770791404.653054,MOUSE,4,-8,MOVE
1770791404.669721,MOUSE,5,-8,MOVE
1770791404.686388,MOUSE,3,-8,MOVE
1770791404.703054,MOUSE,2,-8,MOVE
1770791404.719721,MOUSE,3,-8,MOVE
1770791404.736388,MOUSE,0,-10,MOVE
1770791404.753054,MOUSE,5,-5,MOVE
1770791404.769721,MOUSE,1,-9,MOVE
1770791404.786388,MOUSE,1,-7,MOVE
1770791404.803054,MOUSE,4,-6,MOVE
1770791404.819721,MOUSE,1,-8,MOVE
1770791404.836388,MOUSE,0,-6,MOVE
1770791404.853054,MOUSE,1,-8,MOVE
1770791404.869721,MOUSE,3,-7,MOVE
1770791404.886388,MOUSE,2,-7,MOVE
1770791404.903054,MOUSE,0,-8,MOVE
1770791404.919721,MOUSE,1,-6,MOVE
1770791404.936388,MOUSE,1,-5,MOVE
1770791404.953054,MOUSE,3,-6,MOVE
1770791404.969721,MOUSE,-2,-10,MOVE
1770791404.986387,MOUSE,1,-6,MOVE
1770791405.003054,MOUSE,3,-5,MOVE
1770791405.019721,MOUSE,0,-7,MOVE
1770791405.036387,MOUSE,-1,-7,MOVE
1770791405.053054,MOUSE,2,-6,MOVE
1770791405.069721,MOUSE,2,-5,MOVE
1770791405.086387,MOUSE,1,-7,MOVE
1770791405.103054,MOUSE,2,-4,MOVE
1770791405.119721,MOUSE,1,-8,MOVE
1770791405.136387,MOUSE,-1,-6,MOVE
1770791405.153054,MOUSE,2,-5,MOVE
1770791405.169721,MOUSE,1,-8,MOVE
1770791405.186387,MOUSE,2,-6,MOVE
1770791405.203054,MOUSE,2,-5,MOVE
1770791405.219721,MOUSE,0,-6,MOVE
1770791405.236387,MOUSE,2,-8,MOVE
1770791405.253054,MOUSE,2,-5,MOVE
1770791405.269721,MOUSE,2,-7,MOVE
1770791405.286387,MOUSE,1,-6,MOVE
1770791405.303054,MOUSE,3,-7,MOVE
1770791405.319721,MOUSE,4,-6,MOVE
1770791405.336387,MOUSE,1,-7,MOVE
1770791405.353054,MOUSE,2,-8,MOVE
1770791405.369720,MOUSE,2,-5,MOVE
1770791405.386387,MOUSE,4,-7,MOVE
1770791405.403054,MOUSE,4,-6,MOVE
1770791405.419720,MOUSE,4,-9,MOVE
1770791405.436387,MOUSE,2,-7,MOVE
1770791405.453054,MOUSE,7,-6,MOVE
1770791405.469720,MOUSE,4,-7,MOVE
1770791405.486387,MOUSE,4,-7,MOVE
1770791405.503054,MOUSE,5,-7,MOVE
1770791405.519720,MOUSE,4,-9,MOVE
1770791405.536387,MOUSE,7,-8,MOVE
1770791405.553054,MOUSE,5,-6,MOVE
1770791405.569720,MOUSE,4,-9,MOVE
1770791405.675180,MOUSE,0,0,LEFT_DOWN
1770791405.736984,MOUSE,0,0,LEFT_UP
1770791405.739045,MOUSE,0,0,LEFT_DOWN
1770791405.816832,MOUSE,0,0,LEFT_UP
1770791405.843216,MOUSE,0,0,LEFT_DOWN
1770791405.929581,MOUSE,0,0,LEFT_UP
1770791405.970253,MOUSE,0,0,LEFT_DOWN
1770791406.022391,MOUSE,0,0,LEFT_UP
1770791406.734897,MOUSE,2,1,MOVE
1770791406.751563,MOUSE,-4,-1,MOVE
1770791406.768230,MOUSE,-6,-4,MOVE
1770791406.784897,MOUSE,-3,1,MOVE
1770791406.801563,MOUSE,-5,-2,MOVE
1770791406.818230,MOUSE,-2,2,MOVE
1770791406.834897,MOUSE,-6,1,MOVE
1770791406.851563,MOUSE,-4,-1,MOVE
1770791406.868230,MOUSE,-3,0,MOVE
1770791406.884897,MOUSE,-6,2,MOVE
1770791406.901563,MOUSE,-3,1,MOVE
1770791406.918230,MOUSE,-6,1,MOVE
1770791406.934896,MOUSE,-4,3,MOVE
1770791406.951563,MOUSE,-6,1,MOVE
1770791406.968230,MOUSE,-5,4,MOVE
1770791406.984896,MOUSE,-7,2,MOVE
1770791407.001563,MOUSE,-3,2,MOVE
1770791407.018230,MOUSE,-8,2,MOVE
1770791407.034896,MOUSE,-4,1,MOVE
1770791407.051563,MOUSE,-6,3,MOVE
1770791407.068230,MOUSE,-7,4,MOVE
1770791407.084896,MOUSE,-7,2,MOVE
1770791407.101563,MOUSE,-6,3,MOVE
1770791407.118230,MOUSE,-8,3,MOVE
1770791407.134896,MOUSE,-6,1,MOVE
1770791407.151563,MOUSE,-5,4,MOVE
1770791407.168230,MOUSE,-8,2,MOVE
1770791407.184896,MOUSE,-10,3,MOVE
1770791407.201563,MOUSE,-6,1,MOVE
1770791407.218230,MOUSE,-8,2,MOVE
1770791407.234896,MOUSE,-9,5,MOVE
1770791407.251563,MOUSE,-6,2,MOVE
1770791407.268229,MOUSE,-8,1,MOVE
1770791407.284896,MOUSE,-10,1,MOVE
1770791407.301563,MOUSE,-8,3,MOVE
1770791407.318229,MOUSE,-11,1,MOVE
1770791407.334896,MOUSE,-9,3,MOVE
1770791407.351563,MOUSE,-10,2,MOVE
1770791407.368229,MOUSE,-10,-1,MOVE
1770791407.384896,MOUSE,-10,1,MOVE
1770791407.401563,MOUSE,-9,2,MOVE
1770791407.418229,MOUSE,-11,0,MOVE
1770791407.434896,MOUSE,-9,0,MOVE
1770791407.451563,MOUSE,-11,-1,MOVE
1770791407.468229,MOUSE,-13,-1,MOVE
1770791407.484896,MOUSE,-10,0,MOVE
1770791407.501563,MOUSE,-14,-1,MOVE
1770791407.518229,MOUSE,-10,-1,MOVE
1770791407.534896,MOUSE,-13,-2,MOVE
1770791407.551563,MOUSE,-13,-5,MOVE
1770791407.568229,MOUSE,-10,-2,MOVE
1770791407.584896,MOUSE,-15,-3,MOVE
1770791407.601562,MOUSE,-12,-5,MOVE
1770791407.618229,MOUSE,-14,-2,MOVE
1770791407.634896,MOUSE,-15,-7,MOVE
1770791407.651562,MOUSE,-14,-5,MOVE
1770791407.668229,MOUSE,-12,-5,MOVE
1770791407.826688,MOUSE,0,0,LEFT_DOWN
1770791407.914274,MOUSE,0,0,LEFT_UP
1770791407.929800,MOUSE,0,0,LEFT_DOWN
1770791408.022047,MOUSE,0,0,LEFT_UP
1770791408.080220,MOUSE,-1,1,MOVE
1770791408.096887,MOUSE,12,11,MOVE
1770791408.113554,MOUSE,12,8,MOVE
1770791408.130220,MOUSE,14,10,MOVE
1770791408.146887,MOUSE,9,9,MOVE
1770791408.163554,MOUSE,11,10,MOVE
1770791408.180220,MOUSE,11,10,MOVE
1770791408.196887,MOUSE,9,9,MOVE
1770791408.213554,MOUSE,8,8,MOVE
1770791408.230220,MOUSE,12,9,MOVE
1770791408.246887,MOUSE,5,8,MOVE
1770791408.263554,MOUSE,9,9,MOVE
1770791408.280220,MOUSE,8,8,MOVE
1770791408.296887,MOUSE,7,6,MOVE
1770791408.313554,MOUSE,10,9,MOVE
1770791408.330220,MOUSE,7,5,MOVE
1770791408.346887,MOUSE,6,8,MOVE
1770791408.363554,MOUSE,5,8,MOVE
1770791408.380220,MOUSE,7,6,MOVE
1770791408.396887,MOUSE,7,5,MOVE
1770791408.413553,MOUSE,5,8,MOVE
1770791408.430220,MOUSE,4,5,MOVE
1770791408.446887,MOUSE,7,7,MOVE
1770791408.463553,MOUSE,6,5,MOVE
1770791408.480220,MOUSE,4,4,MOVE
1770791408.496887,MOUSE,5,5,MOVE
1770791408.513553,MOUSE,7,3,MOVE
1770791408.530220,MOUSE,4,6,MOVE
1770791408.546887,MOUSE,5,3,MOVE
1770791408.563553,MOUSE,2,5,MOVE
1770791408.580220,MOUSE,6,4,MOVE
1770791408.596887,MOUSE,4,4,MOVE
1770791408.613553,MOUSE,6,2,MOVE
1770791408.630220,MOUSE,3,4,MOVE
1770791408.646887,MOUSE,4,3,MOVE
1770791408.663553,MOUSE,5,2,MOVE
1770791408.680220,MOUSE,4,1,MOVE
1770791408.696887,MOUSE,5,2,MOVE
1770791408.713553,MOUSE,5,1,MOVE
1770791408.730220,MOUSE,6,2,MOVE
1770791408.746886,MOUSE,3,4,MOVE
1770791408.763553,MOUSE,6,0,MOVE
1770791408.780220,MOUSE,3,1,MOVE
1770791408.796886,MOUSE,6,1,MOVE
1770791408.813553,MOUSE,6,0,MOVE
1770791408.830220,MOUSE,6,-2,MOVE
1770791408.846886,MOUSE,3,1,MOVE
1770791408.863553,MOUSE,8,0,MOVE
1770791408.984312,MOUSE,0,0,LEFT_DOWN
1770791409.081585,MOUSE,0,0,LEFT_UP
1770791409.180157,MOUSE,-1,-1,MOVE
1770791409.196823,MOUSE,10,-5,MOVE
1770791409.213490,MOUSE,10,-7,MOVE
1770791409.230157,MOUSE,10,-6,MOVE
1770791409.246823,MOUSE,8,-8,MOVE
1770791409.263490,MOUSE,9,-4,MOVE
1770791409.280157,MOUSE,9,-6,MOVE
1770791409.296823,MOUSE,8,-4,MOVE
1770791409.313490,MOUSE,7,-7,MOVE
1770791409.330157,MOUSE,6,-3,MOVE
1770791409.346823,MOUSE,8,-7,MOVE
1770791409.363490,MOUSE,8,-3,MOVE
1770791409.380157,MOUSE,6,-2,MOVE
1770791409.396823,MOUSE,9,-5,MOVE
1770791409.413490,MOUSE,6,-3,MOVE
1770791409.430156,MOUSE,9,-3,MOVE
1770791409.446823,MOUSE,6,-2,MOVE
1770791409.463490,MOUSE,7,-4,MOVE
1770791409.480156,MOUSE,5,0,MOVE
1770791409.496823,MOUSE,6,-4,MOVE
1770791409.513490,MOUSE,6,-2,MOVE
1770791409.530156,MOUSE,8,-1,MOVE
1770791409.546823,MOUSE,6,-4,MOVE
1770791409.563490,MOUSE,5,2,MOVE
1770791409.580156,MOUSE,6,-3,MOVE
1770791409.596823,MOUSE,7,-1,MOVE
1770791409.613490,MOUSE,5,-1,MOVE
1770791409.630156,MOUSE,8,-1,MOVE
1770791409.646823,MOUSE,7,-2,MOVE
1770791409.663490,MOUSE,6,-1,MOVE
1770791409.680156,MOUSE,7,1,MOVE
1770791409.696823,MOUSE,7,-1,MOVE
1770791409.713490,MOUSE,4,0,MOVE
1770791409.730156,MOUSE,6,0,MOVE
1770791409.746823,MOUSE,8,-1,MOVE
1770791409.763489,MOUSE,8,0,MOVE
1770791409.780156,MOUSE,7,1,MOVE
1770791409.796823,MOUSE,7,-3,MOVE
1770791409.813489,MOUSE,5,1,MOVE
1770791409.830156,MOUSE,10,-2,MOVE
1770791409.846823,MOUSE,8,1,MOVE
1770791409.863489,MOUSE,5,-1,MOVE
1770791409.880156,MOUSE,9,2,MOVE
1770791409.896823,MOUSE,8,-2,MOVE
1770791409.913489,MOUSE,9,1,MOVE
1770791409.930156,MOUSE,9,0,MOVE
1770791409.946823,MOUSE,9,-1,MOVE
1770791409.963489,MOUSE,9,0,MOVE
1770791409.980156,MOUSE,11,-2,MOVE
1770791409.996823,MOUSE,9,0,MOVE
1770791410.013489,MOUSE,10,-1,MOVE
1770791410.030156,MOUSE,10,-1,MOVE
1770791410.046823,MOUSE,11,0,MOVE
1770791410.063489,MOUSE,10,1,MOVE
1770791410.080156,MOUSE,11,-1,MOVE
1770791410.096823,MOUSE,13,-2,MOVE
1770791410.113489,MOUSE,11,-3,MOVE
1770791410.130156,MOUSE,13,0,MOVE
1770791410.222058,MOUSE,0,0,LEFT_DOWN
1770791410.324405,MOUSE,0,0,LEFT_UP
1770791410.449119,MOUSE,1,1,MOVE
1770791410.465786,MOUSE,-11,1,MOVE
1770791410.482453,MOUSE,-12,-2,MOVE
1770791410.499119,MOUSE,-11,0,MOVE
1770791410.515786,MOUSE,-10,-1,MOVE
1770791410.532453,MOUSE,-12,0,MOVE
1770791410.549119,MOUSE,-8,-3,MOVE
1770791410.565786,MOUSE,-13,1,MOVE
1770791410.582453,MOUSE,-10,-4,MOVE
1770791410.599119,MOUSE,-10,1,MOVE
1770791410.615786,MOUSE,-9,-4,MOVE
1770791410.632452,MOUSE,-9,-1,MOVE
1770791410.649119,MOUSE,-11,-3,MOVE
1770791410.665786,MOUSE,-11,-1,MOVE
1770791410.682452,MOUSE,-8,-4,MOVE
1770791410.699119,MOUSE,-11,-4,MOVE
1770791410.715786,MOUSE,-9,-2,MOVE
1770791410.732452,MOUSE,-10,-2,MOVE
1770791410.749119,MOUSE,-9,-5,MOVE
1770791410.765786,MOUSE,-8,-2,MOVE
1770791410.782452,MOUSE,-8,-3,MOVE
1770791410.799119,MOUSE,-9,-4,MOVE
1770791410.815786,MOUSE,-11,-4,MOVE
1770791410.832452,MOUSE,-6,-4,MOVE
1770791410.849119,MOUSE,-11,-4,MOVE
1770791410.865786,MOUSE,-9,-4,MOVE
1770791410.882452,MOUSE,-6,-3,MOVE
1770791410.899119,MOUSE,-9,-3,MOVE
1770791410.915786,MOUSE,-8,-3,MOVE
1770791410.932452,MOUSE,-9,-6,MOVE
1770791410.949119,MOUSE,-7,-3,MOVE
1770791410.965786,MOUSE,-9,-4,MOVE
1770791410.982452,MOUSE,-8,-4,MOVE
1770791410.999119,MOUSE,-8,-5,MOVE
1770791411.015785,MOUSE,-8,-4,MOVE
1770791411.032452,MOUSE,-7,-3,MOVE
1770791411.049119,MOUSE,-8,-3,MOVE
1770791411.065785,MOUSE,-6,-3,MOVE
1770791411.082452,MOUSE,-7,-3,MOVE
1770791411.099119,MOUSE,-6,-4,MOVE
1770791411.115785,MOUSE,-8,-3,MOVE
1770791411.132452,MOUSE,-7,-6,MOVE
1770791411.149119,MOUSE,-9,-3,MOVE
1770791411.165785,MOUSE,-7,-2,MOVE
1770791411.182452,MOUSE,-6,-5,MOVE
1770791411.199119,MOUSE,-6,-1,MOVE
1770791411.215785,MOUSE,-6,-4,MOVE
1770791411.232452,MOUSE,-8,-1,MOVE
1770791411.249119,MOUSE,-5,-5,MOVE
1770791411.265785,MOUSE,-9,1,MOVE
1770791411.282452,MOUSE,-6,-3,MOVE
1770791411.299119,MOUSE,-6,-3,MOVE
1770791411.315785,MOUSE,-5,0,MOVE
1770791411.332452,MOUSE,-7,-2,MOVE
1770791411.349118,MOUSE,-4,-1,MOVE
1770791411.365785,MOUSE,-8,-2,MOVE
1770791411.382452,MOUSE,-7,-1,MOVE
1770791411.399118,MOUSE,-4,-2,MOVE
1770791411.415785,MOUSE,-8,2,MOVE
1770791411.432452,MOUSE,-6,-2,MOVE
1770791411.449118,MOUSE,-5,1,MOVE
1770791411.465785,MOUSE,-5,2,MOVE
1770791411.482452,MOUSE,-7,1,MOVE
1770791411.499118,MOUSE,-5,1,MOVE
1770791411.515785,MOUSE,-5,1,MOVE
1770791411.532452,MOUSE,-6,2,MOVE
1770791411.549118,MOUSE,-6,1,MOVE
1770791411.680090,MOUSE,0,0,LEFT_DOWN
1770791411.738079,MOUSE,0,0,LEFT_UP
1770791411.821068,MOUSE,0,0,LEFT_DOWN
1770791411.885538,MOUSE,0,0,LEFT_UP
1770791411.885060,MOUSE,0,0,LEFT_DOWN
1770791411.977054,MOUSE,0,0,LEFT_UP
1770791412.416317,MOUSE,1,-1,MOVE
1770791412.432984,MOUSE,15,6,MOVE
1770791412.449651,MOUSE,15,5,MOVE
1770791412.466317,MOUSE,11,5,MOVE
1770791412.482984,MOUSE,15,3,MOVE
1770791412.499651,MOUSE,16,3,MOVE
1770791412.516317,MOUSE,14,7,MOVE
1770791412.532984,MOUSE,14,3,MOVE
1770791412.549651,MOUSE,13,2,MOVE
1770791412.566317,MOUSE,11,4,MOVE
1770791412.582984,MOUSE,16,4,MOVE
1770791412.599651,MOUSE,11,4,MOVE
1770791412.616317,MOUSE,13,3,MOVE
1770791412.632984,MOUSE,14,2,MOVE
1770791412.649651,MOUSE,11,4,MOVE
1770791412.666317,MOUSE,14,2,MOVE
1770791412.682984,MOUSE,12,1,MOVE
1770791412.699651,MOUSE,13,3,MOVE
1770791412.716317,MOUSE,11,3,MOVE
1770791412.732984,MOUSE,14,1,MOVE
1770791412.749650,MOUSE,11,3,MOVE
1770791412.766317,MOUSE,13,3,MOVE
1770791412.782984,MOUSE,9,1,MOVE
1770791412.799650,MOUSE,12,1,MOVE
1770791412.816317,MOUSE,12,2,MOVE
1770791412.832984,MOUSE,10,0,MOVE
1770791412.849650,MOUSE,11,2,MOVE
1770791412.866317,MOUSE,10,1,MOVE
1770791412.882984,MOUSE,11,0,MOVE
1770791412.899650,MOUSE,11,1,MOVE
1770791412.916317,MOUSE,9,2,MOVE
1770791412.932984,MOUSE,10,-1,MOVE
1770791412.949650,MOUSE,12,2,MOVE
1770791412.966317,MOUSE,8,0,MOVE
1770791412.982984,MOUSE,10,1,MOVE
1770791412.999650,MOUSE,8,-1,MOVE
1770791413.016317,MOUSE,12,-1,MOVE
1770791413.032984,MOUSE,9,2,MOVE
1770791413.049650,MOUSE,7,-1,MOVE
1770791413.066317,MOUSE,8,1,MOVE
1770791413.082983,MOUSE,9,-2,MOVE
1770791413.099650,MOUSE,10,1,MOVE
1770791413.116317,MOUSE,6,-2,MOVE
1770791413.132983,MOUSE,9,-1,MOVE
1770791413.149650,MOUSE,8,1,MOVE
1770791413.166317,MOUSE,8,-2,MOVE
1770791413.182983,MOUSE,6,-1,MOVE
1770791413.199650,MOUSE,8,0,MOVE
1770791413.216317,MOUSE,8,-1,MOVE
1770791413.232983,MOUSE,5,0,MOVE
1770791413.249650,MOUSE,8,-1,MOVE
1770791413.266317,MOUSE,6,-1,MOVE
1770791413.282983,MOUSE,6,-1,MOVE
1770791413.299650,MOUSE,6,-1,MOVE
1770791413.316317,MOUSE,6,-2,MOVE
1770791413.332983,MOUSE,8,-1,MOVE
1770791413.349650,MOUSE,6,-3,MOVE
1770791413.366317,MOUSE,4,-2,MOVE
1770791413.382983,MOUSE,5,0,MOVE
1770791413.399650,MOUSE,4,-2,MOVE
1770791413.416317,MOUSE,7,-1,MOVE
1770791413.432983,MOUSE,4,-3,MOVE
1770791413.449650,MOUSE,5,0,MOVE
1770791413.466316,MOUSE,5,-3,MOVE
1770791413.482983,MOUSE,3,-2,MOVE
1770791413.499650,MOUSE,5,-1,MOVE
1770791413.516316,MOUSE,2,-2,MOVE
1770791413.532983,MOUSE,5,-3,MOVE
1770791413.549650,MOUSE,3,-1,MOVE
1770791413.566316,MOUSE,3,-1,MOVE
1770791413.582983,MOUSE,1,-4,MOVE
1770791413.599650,MOUSE,3,0,MOVE
1770791413.616316,MOUSE,3,-2,MOVE
1770791413.632983,MOUSE,2,-4,MOVE
1770791413.649650,MOUSE,4,0,MOVE
1770791413.666316,MOUSE,0,-4,MOVE
1770791413.682983,MOUSE,1,-1,MOVE
1770791413.699650,MOUSE,2,-2,MOVE
1770791413.716316,MOUSE,0,-2,MOVE
1770791413.732983,MOUSE,4,-3,MOVE
1770791413.749650,MOUSE,0,-1,MOVE
1770791413.820862,MOUSE,0,0,LEFT_DOWN
1770791413.889237,MOUSE,0,0,LEFT_UP
1770791414.006432,MOUSE,0,-1,MOVE
1770791414.023098,MOUSE,-8,5,MOVE
1770791414.039765,MOUSE,-8,7,MOVE
1770791414.056432,MOUSE,-10,4,MOVE
1770791414.073098,MOUSE,-6,5,MOVE
1770791414.089765,MOUSE,-11,5,MOVE
1770791414.106431,MOUSE,-7,4,MOVE
1770791414.123098,MOUSE,-6,5,MOVE
1770791414.139765,MOUSE,-9,6,MOVE
1770791414.156431,MOUSE,-7,4,MOVE
1770791414.173098,MOUSE,-7,2,MOVE
1770791414.189765,MOUSE,-8,5,MOVE
1770791414.206431,MOUSE,-10,5,MOVE
1770791414.223098,MOUSE,-5,3,MOVE
1770791414.239765,MOUSE,-10,5,MOVE
1770791414.256431,MOUSE,-8,4,MOVE
1770791414.273098,MOUSE,-7,4,MOVE
1770791414.289765,MOUSE,-8,4,MOVE
1770791414.306431,MOUSE,-6,4,MOVE
1770791414.323098,MOUSE,-9,4,MOVE
1770791414.339765,MOUSE,-5,1,MOVE
1770791414.356431,MOUSE,-10,6,MOVE
1770791414.373098,MOUSE,-7,1,MOVE
1770791414.389765,MOUSE,-5,6,MOVE
1770791414.406431,MOUSE,-9,1,MOVE
1770791414.423098,MOUSE,-8,5,MOVE
1770791414.439764,MOUSE,-5,4,MOVE
1770791414.456431,MOUSE,-8,3,MOVE
1770791414.473098,MOUSE,-7,1,MOVE
1770791414.489764,MOUSE,-9,5,MOVE
1770791414.506431,MOUSE,-5,3,MOVE
1770791414.523098,MOUSE,-7,3,MOVE
1770791414.539764,MOUSE,-7,4,MOVE
1770791414.556431,MOUSE,-7,2,MOVE
1770791414.573098,MOUSE,-10,3,MOVE
1770791414.589764,MOUSE,-7,0,MOVE
1770791414.606431,MOUSE,-4,4,MOVE
1770791414.623098,MOUSE,-10,4,MOVE
1770791414.639764,MOUSE,-6,4,MOVE
1770791414.656431,MOUSE,-8,1,MOVE
1770791414.673098,MOUSE,-5,4,MOVE
1770791414.689764,MOUSE,-7,2,MOVE
1770791414.706431,MOUSE,-7,1,MOVE
1770791414.723098,MOUSE,-9,3,MOVE
1770791414.739764,MOUSE,-7,2,MOVE
1770791414.756431,MOUSE,-7,5,MOVE
1770791414.773098,MOUSE,-6,1,MOVE
1770791414.789764,MOUSE,-8,3,MOVE
1770791414.806431,MOUSE,-5,2,MOVE
1770791414.823097,MOUSE,-7,2,MOVE
1770791414.839764,MOUSE,-7,3,MOVE
1770791414.856431,MOUSE,-10,3,MOVE
1770791414.873097,MOUSE,-4,2,MOVE
1770791414.889764,MOUSE,-7,3,MOVE
1770791414.906431,MOUSE,-7,3,MOVE
1770791414.923097,MOUSE,-7,2,MOVE
1770791414.939764,MOUSE,-8,4,MOVE
1770791414.956431,MOUSE,-8,1,MOVE
1770791414.973097,MOUSE,-6,4,MOVE
1770791414.989764,MOUSE,-9,3,MOVE
1770791415.006431,MOUSE,-7,3,MOVE
1770791415.023097,MOUSE,-7,2,MOVE
1770791415.039764,MOUSE,-7,3,MOVE
1770791415.056431,MOUSE,-8,4,MOVE
1770791415.073097,MOUSE,-6,3,MOVE
1770791415.089764,MOUSE,-9,0,MOVE
1770791415.106431,MOUSE,-7,6,MOVE
1770791415.123097,MOUSE,-7,1,MOVE
1770791415.139764,MOUSE,-8,5,MOVE
1770791415.156430,MOUSE,-5,1,MOVE
1770791415.173097,MOUSE,-9,4,MOVE
1770791415.189764,MOUSE,-9,2,MOVE
1770791415.206430,MOUSE,-5,4,MOVE
1770791415.223097,MOUSE,-9,3,MOVE
1770791415.239764,MOUSE,-7,2,MOVE
1770791415.256430,MOUSE,-10,4,MOVE
1770791415.273097,MOUSE,-8,4,MOVE
1770791415.289764,MOUSE,-6,4,MOVE
1770791415.306430,MOUSE,-9,3,MOVE
1770791415.323097,MOUSE,-6,4,MOVE
1770791415.339764,MOUSE,-9,2,MOVE
1770791415.356430,MOUSE,-8,4,MOVE
1770791415.435548,MOUSE,0,0,LEFT_DOWN
1770791415.515325,MOUSE,0,0,LEFT_UP
1770791415.551722,MOUSE,0,0,LEFT_DOWN
1770791415.624617,MOUSE,0,0,LEFT_UP
1770791416.421818,MOUSE,1,0,MOVE
1770791416.438485,MOUSE,11,-4,MOVE
1770791416.455152,MOUSE,11,-3,MOVE
1770791416.471818,MOUSE,13,-3,MOVE
1770791416.488485,MOUSE,10,-3,MOVE
1770791416.505152,MOUSE,12,-5,MOVE
1770791416.521818,MOUSE,12,-2,MOVE
1770791416.538485,MOUSE,11,-4,MOVE
1770791416.555151,MOUSE,12,-3,MOVE
1770791416.571818,MOUSE,13,-4,MOVE
1770791416.588485,MOUSE,10,-4,MOVE
1770791416.605151,MOUSE,13,-3,MOVE
1770791416.621818,MOUSE,11,-4,MOVE
1770791416.638485,MOUSE,11,-2,MOVE
1770791416.655151,MOUSE,12,-5,MOVE
1770791416.671818,MOUSE,12,-2,MOVE
1770791416.688485,MOUSE,12,-4,MOVE
1770791416.705151,MOUSE,12,-4,MOVE
1770791416.721818,MOUSE,11,-3,MOVE
1770791416.738485,MOUSE,12,-4,MOVE
1770791416.755151,MOUSE,11,-3,MOVE
1770791416.771818,MOUSE,12,-4,MOVE
1770791416.788485,MOUSE,10,-3,MOVE
1770791416.805151,MOUSE,13,-4,MOVE
1770791416.821818,MOUSE,12,-4,MOVE
1770791416.838485,MOUSE,12,-3,MOVE
1770791416.855151,MOUSE,10,-4,MOVE
1770791416.871818,MOUSE,12,-3,MOVE
1770791416.888484,MOUSE,12,-2,MOVE
1770791416.905151,MOUSE,11,-5,MOVE
1770791416.921818,MOUSE,12,-3,MOVE
1770791416.938484,MOUSE,12,-2,MOVE
1770791416.955151,MOUSE,11,-5,MOVE
1770791416.971818,MOUSE,12,-3,MOVE
1770791416.988484,MOUSE,12,-3,MOVE
1770791417.005151,MOUSE,11,-5,MOVE
1770791417.021818,MOUSE,12,-2,MOVE
1770791417.038484,MOUSE,12,-5,MOVE
1770791417.055151,MOUSE,11,-2,MOVE
1770791417.071818,MOUSE,11,-3,MOVE
1770791417.088484,MOUSE,12,-5,MOVE
1770791417.105151,MOUSE,12,-3,MOVE
1770791417.121818,MOUSE,12,-3,MOVE
1770791417.138484,MOUSE,12,-4,MOVE
1770791417.155151,MOUSE,11,-3,MOVE
1770791417.171818,MOUSE,11,-4,MOVE
1770791417.188484,MOUSE,12,-3,MOVE
1770791417.314013,MOUSE,0,0,LEFT_DOWN
1770791417.417710,MOUSE,0,0,LEFT_UP
1770791417.433203,MOUSE,0,0,LEFT_DOWN
1770791417.525858,MOUSE,0,0,LEFT_UP
1770791417.570842,MOUSE,0,0,LEFT_DOWN
1770791417.651638,MOUSE,0,0,LEFT_UP
1770791417.719731,MOUSE,0,0,LEFT_DOWN
1770791417.779552,MOUSE,0,0,LEFT_UP
1770791418.327161,MOUSE,-1,0,MOVE
1770791418.343828,MOUSE,-1,16,MOVE
1770791418.360494,MOUSE,-2,14,MOVE
1770791418.377161,MOUSE,-1,12,MOVE
1770791418.393828,MOUSE,-3,16,MOVE
1770791418.410494,MOUSE,2,12,MOVE
1770791418.427161,MOUSE,0,16,MOVE
1770791418.443828,MOUSE,1,10,MOVE
1770791418.460494,MOUSE,0,16,MOVE
1770791418.477161,MOUSE,1,10,MOVE
1770791418.493828,MOUSE,2,13,MOVE
1770791418.510494,MOUSE,0,13,MOVE
1770791418.527161,MOUSE,2,11,MOVE
1770791418.543828,MOUSE,2,9,MOVE
1770791418.560494,MOUSE,2,13,MOVE
1770791418.577161,MOUSE,4,9,MOVE
1770791418.593827,MOUSE,2,13,MOVE
1770791418.610494,MOUSE,1,8,MOVE
1770791418.627161,MOUSE,3,11,MOVE
1770791418.643827,MOUSE,3,9,MOVE
1770791418.660494,MOUSE,2,10,MOVE
1770791418.677161,MOUSE,4,8,MOVE
1770791418.693827,MOUSE,1,10,MOVE
1770791418.710494,MOUSE,2,7,MOVE
1770791418.727161,MOUSE,3,9,MOVE
1770791418.743827,MOUSE,5,8,MOVE
1770791418.760494,MOUSE,0,6,MOVE
1770791418.777161,MOUSE,3,8,MOVE
1770791418.793827,MOUSE,1,9,MOVE
1770791418.810494,MOUSE,0,6,MOVE
1770791418.827161,MOUSE,3,6,MOVE
1770791418.843827,MOUSE,1,5,MOVE
1770791418.860494,MOUSE,0,7,MOVE
1770791418.877161,MOUSE,1,5,MOVE
1770791418.893827,MOUSE,0,5,MOVE
1770791418.910494,MOUSE,-3,5,MOVE
1770791418.927161,MOUSE,0,3,MOVE
1770791418.943827,MOUSE,0,5,MOVE
1770791418.960494,MOUSE,-3,3,MOVE
1770791418.977160,MOUSE,-5,5,MOVE
1770791418.993827,MOUSE,-2,1,MOVE
1770791419.010494,MOUSE,-2,3,MOVE
1770791419.027160,MOUSE,-7,4,MOVE
1770791419.043827,MOUSE,-3,2,MOVE
1770791419.060494,MOUSE,-8,1,MOVE
1770791419.077160,MOUSE,-7,2,MOVE
1770791419.236631,MOUSE,0,0,LEFT_DOWN
1770791419.355341,MOUSE,0,0,LEFT_UP
1770791419.380635,MOUSE,0,0,LEFT_DOWN
1770791419.483971,MOUSE,0,0,LEFT_UP
1770791419.509134,MOUSE,0,0,LEFT_DOWN
1770791419.624141,MOUSE,0,0,LEFT_UP
1770791419.625743,MOUSE,0,0,LEFT_DOWN
1770791419.743963,MOUSE,0,0,LEFT_UP
1770791420.557949,MOUSE,2,0,MOVE
1770791420.574615,MOUSE,-13,-4,MOVE
1770791420.591282,MOUSE,-13,-2,MOVE
1770791420.607949,MOUSE,-12,-7,MOVE
1770791420.624615,MOUSE,-13,-1,MOVE
1770791420.641282,MOUSE,-10,-5,MOVE
1770791420.657948,MOUSE,-14,-3,MOVE
1770791420.674615,MOUSE,-12,-2,MOVE
1770791420.691282,MOUSE,-9,-4,MOVE
1770791420.707948,MOUSE,-14,-5,MOVE
1770791420.724615,MOUSE,-9,-3,MOVE
1770791420.741282,MOUSE,-14,-2,MOVE
1770791420.757948,MOUSE,-10,-2,MOVE
1770791420.774615,MOUSE,-12,-4,MOVE
1770791420.791282,MOUSE,-11,-4,MOVE
1770791420.807948,MOUSE,-10,-1,MOVE
1770791420.824615,MOUSE,-10,-2,MOVE
1770791420.841282,MOUSE,-11,-3,MOVE
1770791420.857948,MOUSE,-11,-3,MOVE
1770791420.874615,MOUSE,-12,-2,MOVE
1770791420.891282,MOUSE,-11,-3,MOVE
1770791420.907948,MOUSE,-10,-5,MOVE
1770791420.924615,MOUSE,-10,0,MOVE
1770791420.941282,MOUSE,-10,-3,MOVE
1770791420.957948,MOUSE,-10,-4,MOVE
1770791420.974615,MOUSE,-10,-2,MOVE
1770791420.991282,MOUSE,-11,-1,MOVE
1770791421.007948,MOUSE,-11,-4,MOVE
1770791421.024615,MOUSE,-8,-1,MOVE
1770791421.041281,MOUSE,-9,-2,MOVE
1770791421.057948,MOUSE,-10,-1,MOVE
1770791421.074615,MOUSE,-10,-4,MOVE
1770791421.091281,MOUSE,-12,-3,MOVE
1770791421.107948,MOUSE,-8,-2,MOVE
1770791421.124615,MOUSE,-9,-1,MOVE
1770791421.141281,MOUSE,-8,-3,MOVE
1770791421.157948,MOUSE,-9,0,MOVE
1770791421.174615,MOUSE,-10,-4,MOVE
1770791421.191281,MOUSE,-9,-2,MOVE
1770791421.207948,MOUSE,-9,-2,MOVE
1770791421.224615,MOUSE,-10,-1,MOVE
1770791421.241281,MOUSE,-7,-4,MOVE
1770791421.257948,MOUSE,-9,-2,MOVE
1770791421.274615,MOUSE,-8,1,MOVE
1770791421.291281,MOUSE,-9,-3,MOVE
1770791421.307948,MOUSE,-8,-3,MOVE
1770791421.324615,MOUSE,-10,-2,MOVE
1770791421.341281,MOUSE,-7,-3,MOVE
1770791421.357948,MOUSE,-7,0,MOVE
1770791421.374614,MOUSE,-9,-4,MOVE
1770791421.391281,MOUSE,-7,-1,MOVE
1770791421.407948,MOUSE,-8,-2,MOVE
1770791421.424614,MOUSE,-10,-2,MOVE
1770791421.441281,MOUSE,-7,-1,MOVE
1770791421.457948,MOUSE,-8,-3,MOVE
1770791421.474614,MOUSE,-5,-4,MOVE
1770791421.491281,MOUSE,-9,0,MOVE
1770791421.507948,MOUSE,-7,-3,MOVE
1770791421.524614,MOUSE,-8,-2,MOVE
1770791421.541281,MOUSE,-8,-4,MOVE
1770791421.557948,MOUSE,-6,-1,MOVE
1770791421.574614,MOUSE,-7,-2,MOVE
1770791421.591281,MOUSE,-8,-3,MOVE
1770791421.607948,MOUSE,-6,-2,MOVE
1770791421.624614,MOUSE,-5,-5,MOVE
1770791421.641281,MOUSE,-9,0,MOVE
1770791421.657948,MOUSE,-6,-3,MOVE
1770791421.674614,MOUSE,-6,-4,MOVE
1770791421.691281,MOUSE,-6,-2,MOVE
1770791421.707947,MOUSE,-7,-5,MOVE
1770791421.724614,MOUSE,-5,-2,MOVE
1770791421.741281,MOUSE,-8,-1,MOVE
1770791421.757947,MOUSE,-4,-3,MOVE
1770791421.774614,MOUSE,-6,-4,MOVE
1770791421.791281,MOUSE,-7,-5,MOVE
1770791421.807947,MOUSE,-5,-2,MOVE
1770791421.824614,MOUSE,-8,-3,MOVE
1770791421.841281,MOUSE,-3,-3,MOVE
1770791421.857947,MOUSE,-8,-4,MOVE
1770791421.874614,MOUSE,-5,-4,MOVE
1770791421.891281,MOUSE,-6,-5,MOVE
1770791421.907947,MOUSE,-6,-3,MOVE
1770791421.924614,MOUSE,-3,-4,MOVE
1770791421.941281,MOUSE,-5,-5,MOVE
1770791421.957947,MOUSE,-5,-2,MOVE
1770791421.974614,MOUSE,-7,-5,MOVE
1770791421.991281,MOUSE,-3,-3,MOVE
1770791422.007947,MOUSE,-6,-4,MOVE
1770791422.024614,MOUSE,-5,-5,MOVE
1770791422.041281,MOUSE,-5,-7,MOVE
1770791422.057947,MOUSE,-4,-4,MOVE
1770791422.074614,MOUSE,-5,-4,MOVE
1770791422.091280,MOUSE,-3,-6,MOVE
1770791422.107947,MOUSE,-7,-3,MOVE
1770791422.124614,MOUSE,-4,-8,MOVE
1770791422.141280,MOUSE,-2,-4,MOVE
1770791422.157947,MOUSE,-6,-6,MOVE
1770791422.174614,MOUSE,-3,-6,MOVE
1770791422.191280,MOUSE,-5,-4,MOVE
1770791422.207947,MOUSE,-5,-7,MOVE
1770791422.224614,MOUSE,-4,-5,MOVE
1770791422.241280,MOUSE,-4,-6,MOVE
1770791422.257947,MOUSE,-2,-6,MOVE
1770791422.274614,MOUSE,-4,-7,MOVE
1770791422.291280,MOUSE,-3,-7,MOVE
1770791422.307947,MOUSE,-6,-6,MOVE
1770791422.324614,MOUSE,0,-5,MOVE
1770791422.341280,MOUSE,-5,-7,MOVE
1770791422.357947,MOUSE,-3,-7,MOVE
1770791422.374614,MOUSE,-4,-8,MOVE
1770791422.391280,MOUSE,-3,-8,MOVE
1770791422.407947,MOUSE,-2,-8,MOVE
1770791422.424613,MOUSE,-4,-6,MOVE
1770791422.441280,MOUSE,-1,-7,MOVE
1770791422.457947,MOUSE,-4,-10,MOVE
1770791422.474613,MOUSE,-4,-8,MOVE
1770791422.491280,MOUSE,-2,-9,MOVE
1770791422.507947,MOUSE,-3,-9,MOVE
1770791422.524613,MOUSE,-2,-8,MOVE
1770791422.541280,MOUSE,-2,-8,MOVE
1770791422.557947,MOUSE,-4,-10,MOVE
1770791422.574613,MOUSE,-1,-8,MOVE
1770791422.591280,MOUSE,-3,-10,MOVE
1770791422.702538,MOUSE,0,0,LEFT_DOWN
1770791422.762462,MOUSE,0,0,LEFT_UP
1770791422.812067,MOUSE,0,0,LEFT_DOWN
1770791422.864925,MOUSE,0,0,LEFT_UP
1770791423.742003,MOUSE,0,1,MOVE
1770791423.758670,MOUSE,0,10,MOVE
1770791423.775337,MOUSE,1,9,MOVE
1770791423.792003,MOUSE,-2,9,MOVE
1770791423.808670,MOUSE,3,9,MOVE
1770791423.825336,MOUSE,0,10,MOVE
1770791423.842003,MOUSE,1,10,MOVE
1770791423.858670,MOUSE,1,9,MOVE
1770791423.875336,MOUSE,3,10,MOVE
1770791423.892003,MOUSE,4,9,MOVE
1770791423.908670,MOUSE,2,9,MOVE
1770791423.925336,MOUSE,5,10,MOVE
1770791423.942003,MOUSE,2,8,MOVE
1770791423.958670,MOUSE,2,8,MOVE
1770791423.975336,MOUSE,4,9,MOVE
1770791423.992003,MOUSE,6,10,MOVE
1770791424.008670,MOUSE,5,8,MOVE
1770791424.025336,MOUSE,3,9,MOVE
1770791424.042003,MOUSE,5,7,MOVE
1770791424.058670,MOUSE,6,11,MOVE
1770791424.075336,MOUSE,5,8,MOVE
1770791424.092003,MOUSE,7,8,MOVE
1770791424.108670,MOUSE,6,7,MOVE
1770791424.125336,MOUSE,3,7,MOVE
1770791424.142003,MOUSE,6,7,MOVE
1770791424.158669,MOUSE,6,8,MOVE
1770791424.175336,MOUSE,8,7,MOVE
1770791424.192003,MOUSE,8,8,MOVE
1770791424.208669,MOUSE,5,8,MOVE
1770791424.225336,MOUSE,9,6,MOVE
1770791424.242003,MOUSE,5,7,MOVE
1770791424.258669,MOUSE,8,7,MOVE
1770791424.275336,MOUSE,9,6,MOVE
1770791424.292003,MOUSE,4,9,MOVE
1770791424.308669,MOUSE,10,5,MOVE
1770791424.325336,MOUSE,6,6,MOVE
1770791424.342003,MOUSE,8,7,MOVE
1770791424.358669,MOUSE,7,5,MOVE
1770791424.375336,MOUSE,10,5,MOVE
1770791424.392003,MOUSE,5,5,MOVE
1770791424.408669,MOUSE,10,6,MOVE
1770791424.425336,MOUSE,7,5,MOVE
1770791424.442003,MOUSE,7,5,MOVE
1770791424.458669,MOUSE,11,4,MOVE
1770791424.475336,MOUSE,7,2,MOVE
1770791424.492002,MOUSE,9,6,MOVE
1770791424.508669,MOUSE,5,3,MOVE
1770791424.525336,MOUSE,10,3,MOVE
1770791424.542002,MOUSE,6,5,MOVE
1770791424.558669,MOUSE,10,2,MOVE
1770791424.575336,MOUSE,5,4,MOVE
1770791424.592002,MOUSE,9,2,MOVE
1770791424.608669,MOUSE,8,4,MOVE
1770791424.625336,MOUSE,8,1,MOVE
1770791424.642002,MOUSE,7,3,MOVE
1770791424.658669,MOUSE,6,3,MOVE
1770791424.675336,MOUSE,7,1,MOVE
1770791424.692002,MOUSE,8,2,MOVE
1770791424.708669,MOUSE,8,-1,MOVE
1770791424.725336,MOUSE,7,1,MOVE
1770791424.742002,MOUSE,6,1,MOVE
1770791424.758669,MOUSE,5,0,MOVE
1770791424.775336,MOUSE,6,2,MOVE
1770791424.792002,MOUSE,7,-1,MOVE
1770791424.808669,MOUSE,8,1,MOVE
1770791424.825336,MOUSE,5,-2,MOVE
1770791424.983988,MOUSE,0,0,LEFT_DOWN
1770791425.051250,MOUSE,0,0,LEFT_UP
1770791425.228297,MOUSE,1,1,MOVE
1770791425.244964,MOUSE,7,-6,MOVE
1770791425.261631,MOUSE,8,-6,MOVE
1770791425.278297,MOUSE,8,-5,MOVE
1770791425.294964,MOUSE,8,-7,MOVE
1770791425.311630,MOUSE,7,-5,MOVE
1770791425.328297,MOUSE,9,-7,MOVE
1770791425.344964,MOUSE,7,-6,MOVE
1770791425.361630,MOUSE,8,-6,MOVE
1770791425.378297,MOUSE,7,-5,MOVE
1770791425.394964,MOUSE,8,-6,MOVE
1770791425.411630,MOUSE,9,-5,MOVE
1770791425.428297,MOUSE,7,-6,MOVE
1770791425.444964,MOUSE,9,-7,MOVE
1770791425.461630,MOUSE,7,-6,MOVE
1770791425.478297,MOUSE,8,-5,MOVE
1770791425.494964,MOUSE,8,-6,MOVE
1770791425.511630,MOUSE,8,-6,MOVE
1770791425.528297,MOUSE,8,-6,MOVE
1770791425.544964,MOUSE,7,-5,MOVE
1770791425.649253,MOUSE,0,0,LEFT_DOWN
1770791425.764773,MOUSE,0,0,LEFT_UP
1770791425.902508,MOUSE,0,1,MOVE
1770791425.919175,MOUSE,-13,3,MOVE
1770791425.935842,MOUSE,-11,2,MOVE
1770791425.952508,MOUSE,-12,2,MOVE
1770791425.969175,MOUSE,-11,2,MOVE
1770791425.985842,MOUSE,-13,3,MOVE
1770791426.002508,MOUSE,-12,0,MOVE
1770791426.019175,MOUSE,-10,4,MOVE
1770791426.035842,MOUSE,-12,2,MOVE
1770791426.052508,MOUSE,-12,2,MOVE
1770791426.069175,MOUSE,-13,2,MOVE
1770791426.085842,MOUSE,-12,2,MOVE
1770791426.102508,MOUSE,-12,3,MOVE
1770791426.119175,MOUSE,-12,2,MOVE
1770791426.135842,MOUSE,-12,2,MOVE
1770791426.152508,MOUSE,-10,3,MOVE
1770791426.169175,MOUSE,-13,2,MOVE
1770791426.185842,MOUSE,-10,3,MOVE
1770791426.202508,MOUSE,-13,2,MOVE
1770791426.219175,MOUSE,-13,2,MOVE
1770791426.235842,MOUSE,-10,3,MOVE
1770791426.252508,MOUSE,-12,1,MOVE
1770791426.269175,MOUSE,-12,4,MOVE
1770791426.285841,MOUSE,-12,1,MOVE
1770791426.302508,MOUSE,-11,3,MOVE
1770791426.319175,MOUSE,-13,2,MOVE
1770791426.335841,MOUSE,-12,2,MOVE
1770791426.352508,MOUSE,-12,1,MOVE
1770791426.369175,MOUSE,-11,4,MOVE
1770791426.385841,MOUSE,-12,1,MOVE
1770791426.402508,MOUSE,-12,4,MOVE
1770791426.419175,MOUSE,-11,1,MOVE
1770791426.435841,MOUSE,-13,2,MOVE
1770791426.452508,MOUSE,-12,3,MOVE
1770791426.469175,MOUSE,-12,2,MOVE
1770791426.485841,MOUSE,-11,2,MOVE
1770791426.502508,MOUSE,-12,2,MOVE
1770791426.519175,MOUSE,-12,3,MOVE
1770791426.535841,MOUSE,-11,3,MOVE
1770791426.552508,MOUSE,-13,1,MOVE
1770791426.569175,MOUSE,-10,3,MOVE
1770791426.585841,MOUSE,-12,2,MOVE
1770791426.602508,MOUSE,-13,3,MOVE
1770791426.756327,MOUSE,0,0,LEFT_DOWN
1770791426.868973,MOUSE,0,0,LEFT_UP
1770791427.568178,MOUSE,-1,0,MOVE
1770791427.584845,MOUSE,7,-10,MOVE
1770791427.601512,MOUSE,6,-10,MOVE
1770791427.618178,MOUSE,7,-11,MOVE
1770791427.634845,MOUSE,5,-11,MOVE
1770791427.651512,MOUSE,7,-9,MOVE
1770791427.668178,MOUSE,6,-10,MOVE
1770791427.684845,MOUSE,5,-11,MOVE
1770791427.701512,MOUSE,7,-10,MOVE
1770791427.718178,MOUSE,6,-12,MOVE
1770791427.734845,MOUSE,6,-9,MOVE
1770791427.751512,MOUSE,6,-11,MOVE
1770791427.768178,MOUSE,6,-9,MOVE
1770791427.784845,MOUSE,7,-11,MOVE
1770791427.801512,MOUSE,6,-11,MOVE
1770791427.818178,MOUSE,5,-10,MOVE
1770791427.834845,MOUSE,8,-10,MOVE
1770791427.851511,MOUSE,6,-11,MOVE
1770791427.868178,MOUSE,5,-11,MOVE
1770791427.884845,MOUSE,6,-9,MOVE
1770791427.953486,MOUSE,0,0,LEFT_DOWN
1770791428.035680,MOUSE,0,0,LEFT_UP
1770791428.083166,MOUSE,0,0,LEFT_DOWN
1770791428.200278,MOUSE,0,0,LEFT_UP
1770791428.191960,MOUSE,0,0,LEFT_DOWN
1770791428.306015,MOUSE,0,0,LEFT_UP
